path,label,split
non_violence /5107.jpg,0,train
non_violence /3455.jpg,0,train
violence /2512.jpg,1,train
non_violence /1654.jpg,0,train
non_violence /4868.jpg,0,train
non_violence /4525.jpg,0,train
non_violence /1686.jpg,0,train
violence /1795.jpg,1,train
non_violence /2290.jpg,0,train
non_violence /3052.jpg,0,train
violence /673.jpg,1,train
non_violence /3844.jpg,0,train
violence /1268.jpg,1,train
violence /906.jpg,1,train
violence /5790.jpg,1,train
violence /3612.jpg,1,train
violence /2198.jpg,1,train
violence /3393.jpg,1,train
violence /2763.jpg,1,train
non_violence /4125.jpg,0,train
non_violence /3078.jpg,0,train
violence /41.jpg,1,train
non_violence /2768.jpg,0,train
violence /2428.jpg,1,train
non_violence /777.jpg,0,train
violence /1967.jpg,1,train
non_violence /4348.jpg,0,train
non_violence /2307.jpg,0,train
violence /2636.jpg,1,train
non_violence /5011.jpg,0,train
violence /3582.jpg,1,train
violence /1443.jpg,1,train
non_violence /4188.jpg,0,train
violence /664.jpg,1,train
violence /5457.jpg,1,train
violence /2460.jpg,1,train
violence /1466.jpg,1,train
non_violence /902.jpg,0,train
violence /1208.jpg,1,train
non_violence /3415.jpg,0,train
non_violence /1261.jpg,0,train
violence /4632.jpg,1,train
non_violence /73.jpg,0,train
non_violence /4329.jpg,0,train
violence /4448.jpg,1,train
violence /5240.jpg,1,train
violence /2185.jpg,1,train
non_violence /3372.jpg,0,train
non_violence /1053.jpg,0,train
non_violence /3757.jpg,0,train
violence /3905.jpg,1,train
violence /744.jpg,1,train
violence /5017.jpg,1,train
violence /5677.jpg,1,train
non_violence /124.jpg,0,train
non_violence /1561.jpg,0,train
non_violence /1244.jpg,0,train
violence /5614.jpg,1,train
non_violence /48.jpg,0,train
violence /4891.jpg,1,train
non_violence /1668.jpg,0,train
non_violence /83.jpg,0,train
violence /176.jpg,1,train
violence /3496.jpg,1,train
non_violence /4179.jpg,0,train
violence /5406.jpg,1,train
non_violence /2870.jpg,0,train
violence /5044.jpg,1,train
non_violence /4290.jpg,0,train
non_violence /2600.jpg,0,train
violence /1686.jpg,1,train
non_violence /2873.jpg,0,train
non_violence /3919.jpg,0,train
violence /4113.jpg,1,train
violence /1497.jpg,1,train
non_violence /1228.jpg,0,train
violence /2223.jpg,1,train
non_violence /1253.jpg,0,train
violence /4400.jpg,1,train
violence /3718.jpg,1,train
non_violence /3492.jpg,0,train
violence /1735.jpg,1,train
non_violence /4842.jpg,0,train
non_violence /1518.jpg,0,train
non_violence /2702.jpg,0,train
non_violence /1312.jpg,0,train
violence /1721.jpg,1,train
non_violence /529.jpg,0,train
violence /4315.jpg,1,train
non_violence /443.jpg,0,train
violence /4030.jpg,1,train
non_violence /334.jpg,0,train
violence /3361.jpg,1,train
violence /4109.jpg,1,train
violence /5034.jpg,1,train
non_violence /4263.jpg,0,train
violence /3554.jpg,1,train
non_violence /5069.jpg,0,train
non_violence /605.jpg,0,train
non_violence /2183.jpg,0,train
violence /3288.jpg,1,train
violence /2509.jpg,1,train
non_violence /3596.jpg,0,train
violence /5559.jpg,1,train
non_violence /4588.jpg,0,train
non_violence /2329.jpg,0,train
non_violence /4776.jpg,0,train
violence /3534.jpg,1,train
non_violence /5159.jpg,0,train
violence /2514.jpg,1,train
violence /4583.jpg,1,train
non_violence /3889.jpg,0,train
non_violence /3114.jpg,0,train
non_violence /1246.jpg,0,train
non_violence /3058.jpg,0,train
non_violence /5112.jpg,0,train
non_violence /4376.jpg,0,train
violence /3973.jpg,1,train
non_violence /5077.jpg,0,train
non_violence /2922.jpg,0,train
violence /5753.jpg,1,train
violence /345.jpg,1,train
violence /4135.jpg,1,train
non_violence /1368.jpg,0,train
violence /3898.jpg,1,train
non_violence /495.jpg,0,train
violence /3248.jpg,1,train
violence /4060.jpg,1,train
non_violence /5195.jpg,0,train
non_violence /2499.jpg,0,train
non_violence /228.jpg,0,train
non_violence /2377.jpg,0,train
violence /3493.jpg,1,train
violence /2611.jpg,1,train
violence /4480.jpg,1,train
violence /503.jpg,1,train
violence /4054.jpg,1,train
violence /139.jpg,1,train
violence /3063.jpg,1,train
non_violence /3500.jpg,0,train
non_violence /4887.jpg,0,train
non_violence /288.jpg,0,train
violence /3130.jpg,1,train
violence /1984.jpg,1,train
non_violence /1616.jpg,0,train
non_violence /3236.jpg,0,train
non_violence /2356.jpg,0,train
non_violence /4402.jpg,0,train
non_violence /4133.jpg,0,train
violence /4396.jpg,1,train
violence /4796.jpg,1,train
violence /1470.jpg,1,train
violence /5281.jpg,1,train
non_violence /81.jpg,0,train
violence /5693.jpg,1,train
violence /1114.jpg,1,train
violence /4193.jpg,1,train
non_violence /3690.jpg,0,train
non_violence /1449.jpg,0,train
violence /4907.jpg,1,train
violence /3277.jpg,1,train
non_violence /4561.jpg,0,train
non_violence /498.jpg,0,train
violence /3532.jpg,1,train
violence /5545.jpg,1,train
non_violence /4333.jpg,0,train
violence /956.jpg,1,train
non_violence /4026.jpg,0,train
non_violence /2582.jpg,0,train
violence /1064.jpg,1,train
violence /160.jpg,1,train
non_violence /621.jpg,0,train
violence /46.jpg,1,train
violence /3690.jpg,1,train
non_violence /3944.jpg,0,train
violence /1698.jpg,1,train
violence /4978.jpg,1,train
violence /2802.jpg,1,train
violence /4119.jpg,1,train
violence /3773.jpg,1,train
non_violence /1526.jpg,0,train
non_violence /500.jpg,0,train
non_violence /3334.jpg,0,train
violence /892.jpg,1,train
violence /3319.jpg,1,train
non_violence /2228.jpg,0,train
non_violence /4327.jpg,0,train
violence /2747.jpg,1,train
non_violence /1970.jpg,0,train
violence /2374.jpg,1,train
violence /218.jpg,1,train
violence /1722.jpg,1,train
non_violence /4191.jpg,0,train
violence /4404.jpg,1,train
non_violence /1034.jpg,0,train
violence /1771.jpg,1,train
non_violence /2827.jpg,0,train
non_violence /3290.jpg,0,train
violence /861.jpg,1,train
non_violence /166.jpg,0,train
violence /4189.jpg,1,train
violence /166.jpg,1,train
non_violence /4048.jpg,0,train
violence /1119.jpg,1,train
non_violence /928.jpg,0,train
non_violence /1030.jpg,0,train
violence /3349.jpg,1,train
non_violence /476.jpg,0,train
violence /5090.jpg,1,train
violence /4664.jpg,1,train
non_violence /3603.jpg,0,train
non_violence /4554.jpg,0,train
violence /795.jpg,1,train
non_violence /3484.jpg,0,train
violence /5102.jpg,1,train
violence /4015.jpg,1,train
non_violence /3168.jpg,0,train
non_violence /4574.jpg,0,train
violence /5663.jpg,1,train
violence /4674.jpg,1,train
violence /4630.jpg,1,train
violence /5812.jpg,1,train
violence /5223.jpg,1,train
non_violence /1644.jpg,0,train
non_violence /2353.jpg,0,train
non_violence /270.jpg,0,train
violence /4068.jpg,1,train
non_violence /3213.jpg,0,train
non_violence /172.jpg,0,train
violence /3100.jpg,1,train
non_violence /559.jpg,0,train
violence /5365.jpg,1,train
violence /824.jpg,1,train
violence /4166.jpg,1,train
non_violence /3148.jpg,0,train
non_violence /3013.jpg,0,train
non_violence /3680.jpg,0,train
non_violence /2955.jpg,0,train
violence /3818.jpg,1,train
non_violence /366.jpg,0,train
non_violence /3312.jpg,0,train
violence /1320.jpg,1,train
violence /1068.jpg,1,train
violence /3992.jpg,1,train
violence /5803.jpg,1,train
non_violence /2563.jpg,0,train
violence /2610.jpg,1,train
violence /2074.jpg,1,train
violence /614.jpg,1,train
non_violence /260.jpg,0,train
non_violence /2118.jpg,0,train
non_violence /1363.jpg,0,train
violence /5172.jpg,1,train
violence /3311.jpg,1,train
non_violence /4411.jpg,0,train
non_violence /2029.jpg,0,train
violence /2793.jpg,1,train
non_violence /4276.jpg,0,train
violence /4280.jpg,1,train
non_violence /4414.jpg,0,train
non_violence /2542.jpg,0,train
non_violence /2802.jpg,0,train
non_violence /2996.jpg,0,train
non_violence /311.jpg,0,train
non_violence /1211.jpg,0,train
violence /3138.jpg,1,train
non_violence /4839.jpg,0,train
non_violence /2369.jpg,0,train
violence /2674.jpg,1,train
non_violence /4143.jpg,0,train
non_violence /773.jpg,0,train
violence /5678.jpg,1,train
violence /3805.jpg,1,train
violence /1832.jpg,1,train
violence /4515.jpg,1,train
non_violence /2637.jpg,0,train
non_violence /2193.jpg,0,train
non_violence /2104.jpg,0,train
non_violence /4187.jpg,0,train
non_violence /1697.jpg,0,train
violence /1325.jpg,1,train
non_violence /3753.jpg,0,train
non_violence /1341.jpg,0,train
non_violence /4012.jpg,0,train
non_violence /3477.jpg,0,train
violence /505.jpg,1,train
non_violence /3327.jpg,0,train
non_violence /408.jpg,0,train
violence /2498.jpg,1,train
non_violence /4293.jpg,0,train
violence /559.jpg,1,train
violence /644.jpg,1,train
violence /1625.jpg,1,train
violence /3307.jpg,1,train
non_violence /1577.jpg,0,train
non_violence /1488.jpg,0,train
non_violence /3031.jpg,0,train
non_violence /4120.jpg,0,train
violence /1419.jpg,1,train
non_violence /3187.jpg,0,train
non_violence /783.jpg,0,train
violence /5277.jpg,1,train
violence /2625.jpg,1,train
non_violence /4252.jpg,0,train
violence /11.jpg,1,train
violence /5798.jpg,1,train
non_violence /4708.jpg,0,train
non_violence /4612.jpg,0,train
violence /2588.jpg,1,train
violence /2491.jpg,1,train
violence /3385.jpg,1,train
non_violence /994.jpg,0,train
non_violence /2119.jpg,0,train
non_violence /1100.jpg,0,train
non_violence /4601.jpg,0,train
non_violence /821.jpg,0,train
non_violence /2644.jpg,0,train
violence /5308.jpg,1,train
violence /3264.jpg,1,train
violence /4797.jpg,1,train
violence /2799.jpg,1,train
non_violence /3897.jpg,0,train
non_violence /3343.jpg,0,train
violence /3093.jpg,1,train
non_violence /2964.jpg,0,train
non_violence /4313.jpg,0,train
violence /1823.jpg,1,train
non_violence /4497.jpg,0,train
violence /424.jpg,1,train
non_violence /1116.jpg,0,train
violence /2240.jpg,1,train
non_violence /973.jpg,0,train
violence /2318.jpg,1,train
violence /5147.jpg,1,train
violence /4680.jpg,1,train
violence /4671.jpg,1,train
non_violence /3810.jpg,0,train
violence /2847.jpg,1,train
violence /4067.jpg,1,train
violence /4551.jpg,1,train
non_violence /4357.jpg,0,train
violence /3724.jpg,1,train
violence /557.jpg,1,train
non_violence /1421.jpg,0,train
violence /5320.jpg,1,train
violence /5674.jpg,1,train
non_violence /2050.jpg,0,train
non_violence /1122.jpg,0,train
violence /2062.jpg,1,train
non_violence /3181.jpg,0,train
violence /2036.jpg,1,train
violence /5592.jpg,1,train
violence /1345.jpg,1,train
violence /2241.jpg,1,train
violence /5515.jpg,1,train
violence /2699.jpg,1,train
violence /2201.jpg,1,train
non_violence /4301.jpg,0,train
non_violence /249.jpg,0,train
violence /632.jpg,1,train
violence /4300.jpg,1,train
violence /2843.jpg,1,train
violence /2216.jpg,1,train
non_violence /3555.jpg,0,train
violence /2295.jpg,1,train
violence /2709.jpg,1,train
non_violence /646.jpg,0,train
violence /520.jpg,1,train
non_violence /1018.jpg,0,train
non_violence /4502.jpg,0,train
non_violence /2574.jpg,0,train
non_violence /105.jpg,0,train
violence /4124.jpg,1,train
non_violence /2044.jpg,0,train
violence /5596.jpg,1,train
violence /5801.jpg,1,train
violence /840.jpg,1,train
violence /2098.jpg,1,train
violence /3647.jpg,1,train
violence /5544.jpg,1,train
non_violence /3988.jpg,0,train
violence /4524.jpg,1,train
violence /3406.jpg,1,train
violence /3848.jpg,1,train
non_violence /4430.jpg,0,train
violence /3482.jpg,1,train
violence /1849.jpg,1,train
non_violence /3088.jpg,0,train
non_violence /4280.jpg,0,train
violence /1473.jpg,1,train
violence /5754.jpg,1,train
violence /5287.jpg,1,train
violence /5045.jpg,1,train
violence /5235.jpg,1,train
violence /3600.jpg,1,train
violence /1596.jpg,1,train
non_violence /479.jpg,0,train
violence /1341.jpg,1,train
violence /423.jpg,1,train
violence /955.jpg,1,train
violence /5071.jpg,1,train
non_violence /1716.jpg,0,train
non_violence /4613.jpg,0,train
non_violence /1869.jpg,0,train
violence /5100.jpg,1,train
violence /233.jpg,1,train
non_violence /4954.jpg,0,train
non_violence /2446.jpg,0,train
non_violence /5033.jpg,0,train
violence /3445.jpg,1,train
non_violence /3921.jpg,0,train
non_violence /5102.jpg,0,train
violence /5138.jpg,1,train
non_violence /1534.jpg,0,train
violence /2492.jpg,1,train
non_violence /4413.jpg,0,train
violence /4381.jpg,1,train
non_violence /4552.jpg,0,train
violence /1559.jpg,1,train
non_violence /3754.jpg,0,train
violence /3094.jpg,1,train
non_violence /4785.jpg,0,train
non_violence /3043.jpg,0,train
non_violence /1288.jpg,0,train
violence /5785.jpg,1,train
violence /4532.jpg,1,train
non_violence /3131.jpg,0,train
violence /1131.jpg,1,train
non_violence /2085.jpg,0,train
non_violence /4605.jpg,0,train
non_violence /3568.jpg,0,train
non_violence /5064.jpg,0,train
violence /3058.jpg,1,train
violence /841.jpg,1,train
non_violence /4603.jpg,0,train
violence /2404.jpg,1,train
non_violence /1318.jpg,0,train
violence /2883.jpg,1,train
violence /4432.jpg,1,train
violence /968.jpg,1,train
violence /3023.jpg,1,train
violence /2488.jpg,1,train
violence /5191.jpg,1,train
non_violence /71.jpg,0,train
non_violence /2401.jpg,0,train
non_violence /1663.jpg,0,train
violence /3574.jpg,1,train
violence /4885.jpg,1,train
violence /2406.jpg,1,train
violence /4702.jpg,1,train
non_violence /745.jpg,0,train
violence /3118.jpg,1,train
non_violence /5186.jpg,0,train
violence /800.jpg,1,train
non_violence /3119.jpg,0,train
violence /1455.jpg,1,train
non_violence /1222.jpg,0,train
non_violence /3586.jpg,0,train
violence /513.jpg,1,train
non_violence /2719.jpg,0,train
violence /5027.jpg,1,train
non_violence /2689.jpg,0,train
violence /531.jpg,1,train
non_violence /259.jpg,0,train
non_violence /3722.jpg,0,train
violence /399.jpg,1,train
non_violence /770.jpg,0,train
violence /3649.jpg,1,train
violence /1284.jpg,1,train
violence /5811.jpg,1,train
violence /13.jpg,1,train
non_violence /948.jpg,0,train
violence /1166.jpg,1,train
violence /69.jpg,1,train
violence /5831.jpg,1,train
violence /1533.jpg,1,train
violence /2187.jpg,1,train
non_violence /1006.jpg,0,train
non_violence /3340.jpg,0,train
violence /1058.jpg,1,train
non_violence /3050.jpg,0,train
violence /99.jpg,1,train
violence /5723.jpg,1,train
violence /5381.jpg,1,train
non_violence /4428.jpg,0,train
violence /3624.jpg,1,train
non_violence /4580.jpg,0,train
violence /4607.jpg,1,train
non_violence /3518.jpg,0,train
violence /4952.jpg,1,train
violence /2996.jpg,1,train
violence /3571.jpg,1,train
violence /694.jpg,1,train
non_violence /2474.jpg,0,train
violence /3537.jpg,1,train
non_violence /1188.jpg,0,train
violence /5467.jpg,1,train
non_violence /1517.jpg,0,train
violence /2168.jpg,1,train
non_violence /2869.jpg,0,train
violence /2502.jpg,1,train
violence /1634.jpg,1,train
non_violence /4448.jpg,0,train
non_violence /1659.jpg,0,train
violence /1935.jpg,1,train
non_violence /2507.jpg,0,train
non_violence /1727.jpg,0,train
violence /5388.jpg,1,train
non_violence /3749.jpg,0,train
violence /317.jpg,1,train
violence /3829.jpg,1,train
non_violence /759.jpg,0,train
violence /4065.jpg,1,train
violence /4325.jpg,1,train
violence /5052.jpg,1,train
non_violence /3141.jpg,0,train
non_violence /1366.jpg,0,train
violence /3811.jpg,1,train
non_violence /722.jpg,0,train
violence /1450.jpg,1,train
non_violence /4545.jpg,0,train
violence /4870.jpg,1,train
violence /3980.jpg,1,train
non_violence /1583.jpg,0,train
violence /515.jpg,1,train
violence /5354.jpg,1,train
violence /1808.jpg,1,train
violence /2830.jpg,1,train
non_violence /4255.jpg,0,train
violence /4517.jpg,1,train
violence /4304.jpg,1,train
violence /4988.jpg,1,train
non_violence /487.jpg,0,train
non_violence /792.jpg,0,train
non_violence /1236.jpg,0,train
violence /779.jpg,1,train
violence /2658.jpg,1,train
non_violence /2273.jpg,0,train
non_violence /5140.jpg,0,train
violence /4994.jpg,1,train
violence /5432.jpg,1,train
violence /2698.jpg,1,train
violence /2344.jpg,1,train
violence /4856.jpg,1,train
non_violence /3665.jpg,0,train
non_violence /4521.jpg,0,train
non_violence /350.jpg,0,train
violence /5248.jpg,1,train
violence /3646.jpg,1,train
violence /4696.jpg,1,train
violence /5084.jpg,1,train
violence /5201.jpg,1,train
non_violence /4657.jpg,0,train
non_violence /4749.jpg,0,train
non_violence /1935.jpg,0,train
violence /3170.jpg,1,train
violence /3625.jpg,1,train
violence /422.jpg,1,train
violence /5173.jpg,1,train
violence /4079.jpg,1,train
non_violence /2350.jpg,0,train
non_violence /705.jpg,0,train
non_violence /2587.jpg,0,train
violence /2857.jpg,1,train
non_violence /4801.jpg,0,train
non_violence /2321.jpg,0,train
non_violence /1277.jpg,0,train
non_violence /292.jpg,0,train
non_violence /1783.jpg,0,train
violence /5681.jpg,1,train
non_violence /4630.jpg,0,train
violence /1458.jpg,1,train
non_violence /1527.jpg,0,train
non_violence /4635.jpg,0,train
violence /4486.jpg,1,train
non_violence /2294.jpg,0,train
violence /4720.jpg,1,train
violence /2632.jpg,1,train
violence /4237.jpg,1,train
non_violence /1161.jpg,0,train
violence /909.jpg,1,train
violence /5772.jpg,1,train
non_violence /866.jpg,0,train
non_violence /5184.jpg,0,train
violence /5210.jpg,1,train
violence /2542.jpg,1,train
violence /5445.jpg,1,train
violence /5407.jpg,1,train
violence /4243.jpg,1,train
non_violence /4337.jpg,0,train
non_violence /2018.jpg,0,train
violence /1222.jpg,1,train
violence /4363.jpg,1,train
violence /1524.jpg,1,train
non_violence /4203.jpg,0,train
non_violence /266.jpg,0,train
non_violence /3531.jpg,0,train
violence /3615.jpg,1,train
non_violence /2169.jpg,0,train
non_violence /4909.jpg,0,train
violence /2336.jpg,1,train
non_violence /132.jpg,0,train
non_violence /4443.jpg,0,train
violence /1565.jpg,1,train
violence /5400.jpg,1,train
violence /1212.jpg,1,train
violence /1457.jpg,1,train
violence /1730.jpg,1,train
violence /2431.jpg,1,train
violence /3985.jpg,1,train
violence /672.jpg,1,train
violence /491.jpg,1,train
non_violence /692.jpg,0,train
violence /949.jpg,1,train
non_violence /1263.jpg,0,train
violence /5679.jpg,1,train
violence /4491.jpg,1,train
violence /2002.jpg,1,train
non_violence /3707.jpg,0,train
violence /4434.jpg,1,train
violence /357.jpg,1,train
violence /4827.jpg,1,train
violence /221.jpg,1,train
non_violence /3202.jpg,0,train
non_violence /532.jpg,0,train
non_violence /4148.jpg,0,train
non_violence /4476.jpg,0,train
violence /2249.jpg,1,train
violence /3914.jpg,1,train
non_violence /2646.jpg,0,train
non_violence /5201.jpg,0,train
non_violence /4614.jpg,0,train
non_violence /4341.jpg,0,train
violence /1917.jpg,1,train
violence /4723.jpg,1,train
non_violence /3556.jpg,0,train
violence /5611.jpg,1,train
violence /31.jpg,1,train
violence /4186.jpg,1,train
violence /2118.jpg,1,train
violence /787.jpg,1,train
non_violence /3807.jpg,0,train
violence /118.jpg,1,train
non_violence /3832.jpg,0,train
non_violence /696.jpg,0,train
non_violence /4771.jpg,0,train
violence /1373.jpg,1,train
violence /5610.jpg,1,train
violence /5376.jpg,1,train
violence /4593.jpg,1,train
violence /2666.jpg,1,train
non_violence /1270.jpg,0,train
violence /4537.jpg,1,train
non_violence /2479.jpg,0,train
violence /4868.jpg,1,train
non_violence /3365.jpg,0,train
violence /4670.jpg,1,train
violence /958.jpg,1,train
violence /4801.jpg,1,train
violence /5064.jpg,1,train
non_violence /5039.jpg,0,train
violence /5209.jpg,1,train
violence /5455.jpg,1,train
non_violence /4860.jpg,0,train
violence /608.jpg,1,train
violence /1866.jpg,1,train
violence /3675.jpg,1,train
violence /2730.jpg,1,train
violence /2114.jpg,1,train
violence /2841.jpg,1,train
non_violence /4009.jpg,0,train
non_violence /2332.jpg,0,train
violence /901.jpg,1,train
violence /5396.jpg,1,train
violence /3066.jpg,1,train
violence /3300.jpg,1,train
violence /1701.jpg,1,train
non_violence /631.jpg,0,train
non_violence /3519.jpg,0,train
non_violence /4735.jpg,0,train
non_violence /1900.jpg,0,train
non_violence /5229.jpg,0,train
violence /1049.jpg,1,train
violence /941.jpg,1,train
non_violence /246.jpg,0,train
non_violence /583.jpg,0,train
non_violence /3294.jpg,0,train
non_violence /1334.jpg,0,train
violence /5802.jpg,1,train
non_violence /2946.jpg,0,train
non_violence /1204.jpg,0,train
violence /3705.jpg,1,train
violence /3480.jpg,1,train
violence /2943.jpg,1,train
violence /1548.jpg,1,train
non_violence /279.jpg,0,train
violence /1656.jpg,1,train
non_violence /2161.jpg,0,train
violence /3162.jpg,1,train
non_violence /2820.jpg,0,train
violence /3789.jpg,1,train
non_violence /5205.jpg,0,train
violence /656.jpg,1,train
non_violence /3526.jpg,0,train
violence /1622.jpg,1,train
violence /5112.jpg,1,train
violence /359.jpg,1,train
violence /2662.jpg,1,train
non_violence /5174.jpg,0,train
violence /3838.jpg,1,train
non_violence /910.jpg,0,train
non_violence /3716.jpg,0,train
violence /2329.jpg,1,train
non_violence /997.jpg,0,train
non_violence /3639.jpg,0,train
non_violence /1519.jpg,0,train
non_violence /1609.jpg,0,train
violence /273.jpg,1,train
violence /1323.jpg,1,train
violence /119.jpg,1,train
non_violence /3318.jpg,0,train
non_violence /1217.jpg,0,train
violence /827.jpg,1,train
non_violence /303.jpg,0,train
non_violence /905.jpg,0,train
violence /5485.jpg,1,train
violence /4249.jpg,1,train
violence /1027.jpg,1,train
non_violence /946.jpg,0,train
non_violence /2998.jpg,0,train
violence /1477.jpg,1,train
non_violence /2046.jpg,0,train
violence /4569.jpg,1,train
non_violence /21.jpg,0,train
non_violence /2489.jpg,0,train
violence /5181.jpg,1,train
non_violence /4019.jpg,0,train
violence /2264.jpg,1,train
violence /5770.jpg,1,train
non_violence /107.jpg,0,train
non_violence /3554.jpg,0,train
violence /4681.jpg,1,train
non_violence /3167.jpg,0,train
violence /4694.jpg,1,train
violence /3575.jpg,1,train
violence /5032.jpg,1,train
non_violence /3672.jpg,0,train
violence /969.jpg,1,train
non_violence /4700.jpg,0,train
violence /348.jpg,1,train
non_violence /2079.jpg,0,train
non_violence /3411.jpg,0,train
non_violence /2503.jpg,0,train
violence /3363.jpg,1,train
violence /3519.jpg,1,train
non_violence /1593.jpg,0,train
violence /3165.jpg,1,train
non_violence /3574.jpg,0,train
violence /3674.jpg,1,train
violence /3602.jpg,1,train
violence /1716.jpg,1,train
violence /200.jpg,1,train
non_violence /1582.jpg,0,train
violence /329.jpg,1,train
non_violence /4736.jpg,0,train
non_violence /3491.jpg,0,train
non_violence /3408.jpg,0,train
non_violence /1287.jpg,0,train
violence /3447.jpg,1,train
non_violence /3425.jpg,0,train
violence /5128.jpg,1,train
violence /2412.jpg,1,train
non_violence /2366.jpg,0,train
non_violence /4902.jpg,0,train
violence /196.jpg,1,train
non_violence /1835.jpg,0,train
non_violence /2064.jpg,0,train
violence /3836.jpg,1,train
violence /1178.jpg,1,train
violence /4836.jpg,1,train
non_violence /1397.jpg,0,train
violence /1664.jpg,1,train
non_violence /1941.jpg,0,train
non_violence /834.jpg,0,train
non_violence /4904.jpg,0,train
violence /2669.jpg,1,train
non_violence /5046.jpg,0,train
violence /3988.jpg,1,train
non_violence /3118.jpg,0,train
violence /1804.jpg,1,train
non_violence /2987.jpg,0,train
violence /1766.jpg,1,train
violence /1197.jpg,1,train
violence /545.jpg,1,train
violence /3610.jpg,1,train
non_violence /2677.jpg,0,train
violence /2449.jpg,1,train
non_violence /230.jpg,0,train
non_violence /4836.jpg,0,train
violence /5348.jpg,1,train
non_violence /4618.jpg,0,train
non_violence /4265.jpg,0,train
non_violence /2634.jpg,0,train
violence /4733.jpg,1,train
violence /4846.jpg,1,train
violence /5259.jpg,1,train
violence /4307.jpg,1,train
violence /2191.jpg,1,train
violence /1640.jpg,1,train
non_violence /4014.jpg,0,train
violence /1691.jpg,1,train
non_violence /571.jpg,0,train
violence /2568.jpg,1,train
violence /238.jpg,1,train
violence /2789.jpg,1,train
non_violence /1464.jpg,0,train
non_violence /2884.jpg,0,train
violence /1864.jpg,1,train
violence /4104.jpg,1,train
violence /5350.jpg,1,train
violence /5773.jpg,1,train
non_violence /4597.jpg,0,train
non_violence /1063.jpg,0,train
violence /1115.jpg,1,train
non_violence /2961.jpg,0,train
non_violence /2178.jpg,0,train
violence /4579.jpg,1,train
violence /1041.jpg,1,train
violence /2582.jpg,1,train
violence /110.jpg,1,train
violence /2411.jpg,1,train
violence /2163.jpg,1,train
non_violence /4085.jpg,0,train
violence /1081.jpg,1,train
non_violence /3041.jpg,0,train
violence /4020.jpg,1,train
violence /4364.jpg,1,train
non_violence /4924.jpg,0,train
non_violence /2430.jpg,0,train
violence /4174.jpg,1,train
non_violence /2533.jpg,0,train
non_violence /3658.jpg,0,train
non_violence /3225.jpg,0,train
non_violence /3872.jpg,0,train
violence /2127.jpg,1,train
violence /3763.jpg,1,train
non_violence /2721.jpg,0,train
violence /4380.jpg,1,train
non_violence /4602.jpg,0,train
non_violence /5160.jpg,0,train
violence /4893.jpg,1,train
non_violence /4826.jpg,0,train
violence /1319.jpg,1,train
violence /3913.jpg,1,train
non_violence /3703.jpg,0,train
non_violence /4368.jpg,0,train
violence /879.jpg,1,train
violence /1204.jpg,1,train
violence /3113.jpg,1,train
non_violence /2555.jpg,0,train
violence /1309.jpg,1,train
non_violence /364.jpg,0,train
non_violence /4764.jpg,0,train
violence /4787.jpg,1,train
non_violence /241.jpg,0,train
violence /1603.jpg,1,train
violence /3793.jpg,1,train
violence /2706.jpg,1,train
violence /3314.jpg,1,train
violence /1257.jpg,1,train
non_violence /356.jpg,0,train
non_violence /570.jpg,0,train
non_violence /2042.jpg,0,train
non_violence /4253.jpg,0,train
violence /1192.jpg,1,train
non_violence /1234.jpg,0,train
non_violence /3490.jpg,0,train
violence /1732.jpg,1,train
violence /3927.jpg,1,train
violence /3352.jpg,1,train
violence /2445.jpg,1,train
non_violence /1113.jpg,0,train
violence /3488.jpg,1,train
violence /3754.jpg,1,train
non_violence /3109.jpg,0,train
violence /292.jpg,1,train
violence /3008.jpg,1,train
non_violence /3356.jpg,0,train
violence /4617.jpg,1,train
non_violence /678.jpg,0,train
violence /4344.jpg,1,train
violence /3458.jpg,1,train
violence /3518.jpg,1,train
non_violence /4004.jpg,0,train
non_violence /240.jpg,0,train
non_violence /1510.jpg,0,train
non_violence /4969.jpg,0,train
violence /1746.jpg,1,train
violence /518.jpg,1,train
violence /3280.jpg,1,train
violence /3621.jpg,1,train
non_violence /4702.jpg,0,train
violence /2792.jpg,1,train
violence /618.jpg,1,train
non_violence /4806.jpg,0,train
violence /573.jpg,1,train
violence /1780.jpg,1,train
violence /5355.jpg,1,train
violence /2297.jpg,1,train
violence /1520.jpg,1,train
violence /791.jpg,1,train
violence /5366.jpg,1,train
non_violence /1074.jpg,0,train
violence /1424.jpg,1,train
non_violence /372.jpg,0,train
non_violence /5181.jpg,0,train
violence /1955.jpg,1,train
violence /2272.jpg,1,train
violence /3747.jpg,1,train
violence /3117.jpg,1,train
non_violence /1797.jpg,0,train
non_violence /4715.jpg,0,train
violence /245.jpg,1,train
violence /4989.jpg,1,train
non_violence /2953.jpg,0,train
non_violence /1959.jpg,0,train
violence /5711.jpg,1,train
violence /224.jpg,1,train
non_violence /1480.jpg,0,train
non_violence /896.jpg,0,train
non_violence /5225.jpg,0,train
non_violence /4426.jpg,0,train
non_violence /1647.jpg,0,train
non_violence /342.jpg,0,train
violence /39.jpg,1,train
non_violence /2839.jpg,0,train
violence /738.jpg,1,train
non_violence /1402.jpg,0,train
non_violence /4151.jpg,0,train
violence /5768.jpg,1,train
non_violence /1590.jpg,0,train
violence /2416.jpg,1,train
violence /4960.jpg,1,train
non_violence /1576.jpg,0,train
violence /2919.jpg,1,train
non_violence /2181.jpg,0,train
non_violence /717.jpg,0,train
non_violence /2888.jpg,0,train
violence /4826.jpg,1,train
non_violence /215.jpg,0,train
violence /5686.jpg,1,train
violence /5420.jpg,1,train
non_violence /2379.jpg,0,train
violence /109.jpg,1,train
non_violence /3358.jpg,0,train
violence /4132.jpg,1,train
violence /2391.jpg,1,train
violence /3348.jpg,1,train
violence /3944.jpg,1,train
non_violence /2444.jpg,0,train
violence /3632.jpg,1,train
non_violence /3341.jpg,0,train
violence /3049.jpg,1,train
non_violence /2622.jpg,0,train
non_violence /1662.jpg,0,train
non_violence /92.jpg,0,train
non_violence /68.jpg,0,train
violence /607.jpg,1,train
violence /2380.jpg,1,train
non_violence /3783.jpg,0,train
non_violence /177.jpg,0,train
non_violence /2337.jpg,0,train
violence /4511.jpg,1,train
non_violence /2510.jpg,0,train
non_violence /1953.jpg,0,train
violence /660.jpg,1,train
violence /2444.jpg,1,train
violence /4626.jpg,1,train
violence /989.jpg,1,train
violence /847.jpg,1,train
non_violence /461.jpg,0,train
non_violence /3593.jpg,0,train
violence /2580.jpg,1,train
non_violence /2774.jpg,0,train
violence /3228.jpg,1,train
non_violence /2668.jpg,0,train
non_violence /5161.jpg,0,train
violence /541.jpg,1,train
non_violence /4685.jpg,0,train
non_violence /4240.jpg,0,train
violence /1644.jpg,1,train
violence /1421.jpg,1,train
non_violence /616.jpg,0,train
non_violence /1618.jpg,0,train
violence /1937.jpg,1,train
violence /2037.jpg,1,train
non_violence /2568.jpg,0,train
violence /4781.jpg,1,train
non_violence /3432.jpg,0,train
violence /78.jpg,1,train
violence /2980.jpg,1,train
non_violence /404.jpg,0,train
non_violence /268.jpg,0,train
non_violence /1906.jpg,0,train
non_violence /4282.jpg,0,train
violence /4832.jpg,1,train
violence /3039.jpg,1,train
non_violence /2117.jpg,0,train
violence /5239.jpg,1,train
violence /2995.jpg,1,train
violence /3416.jpg,1,train
violence /3069.jpg,1,train
non_violence /4427.jpg,0,train
violence /4340.jpg,1,train
violence /4609.jpg,1,train
non_violence /2157.jpg,0,train
non_violence /4088.jpg,0,train
violence /4771.jpg,1,train
violence /3302.jpg,1,train
non_violence /1674.jpg,0,train
violence /2878.jpg,1,train
violence /1031.jpg,1,train
non_violence /3402.jpg,0,train
non_violence /398.jpg,0,train
violence /5098.jpg,1,train
violence /3737.jpg,1,train
non_violence /3888.jpg,0,train
violence /4298.jpg,1,train
violence /4512.jpg,1,train
violence /3635.jpg,1,train
violence /5010.jpg,1,train
non_violence /1360.jpg,0,train
violence /5804.jpg,1,train
violence /4566.jpg,1,train
violence /4634.jpg,1,train
non_violence /1172.jpg,0,train
non_violence /453.jpg,0,train
violence /4437.jpg,1,train
non_violence /320.jpg,0,train
non_violence /4468.jpg,0,train
violence /4342.jpg,1,train
violence /4747.jpg,1,train
violence /47.jpg,1,train
non_violence /4667.jpg,0,train
non_violence /3662.jpg,0,train
non_violence /4498.jpg,0,train
non_violence /2874.jpg,0,train
violence /127.jpg,1,train
non_violence /4417.jpg,0,train
non_violence /862.jpg,0,train
violence /5747.jpg,1,train
violence /3203.jpg,1,train
violence /4687.jpg,1,train
violence /3548.jpg,1,train
non_violence /1874.jpg,0,train
non_violence /4787.jpg,0,train
non_violence /3772.jpg,0,train
violence /4984.jpg,1,train
violence /2499.jpg,1,train
non_violence /322.jpg,0,train
non_violence /2218.jpg,0,train
violence /1953.jpg,1,train
non_violence /4810.jpg,0,train
violence /3129.jpg,1,train
non_violence /217.jpg,0,train
violence /3206.jpg,1,train
non_violence /2453.jpg,0,train
violence /5607.jpg,1,train
non_violence /1516.jpg,0,train
violence /3659.jpg,1,train
violence /4657.jpg,1,train
non_violence /4577.jpg,0,train
violence /5649.jpg,1,train
non_violence /1567.jpg,0,train
violence /4277.jpg,1,train
violence /3103.jpg,1,train
non_violence /1131.jpg,0,train
violence /548.jpg,1,train
violence /5126.jpg,1,train
violence /512.jpg,1,train
violence /495.jpg,1,train
violence /4162.jpg,1,train
violence /2686.jpg,1,train
non_violence /188.jpg,0,train
non_violence /4300.jpg,0,train
violence /1295.jpg,1,train
violence /5131.jpg,1,train
violence /1148.jpg,1,train
violence /2000.jpg,1,train
violence /1586.jpg,1,train
violence /5103.jpg,1,train
violence /2702.jpg,1,train
non_violence /1456.jpg,0,train
violence /478.jpg,1,train
violence /4572.jpg,1,train
non_violence /3098.jpg,0,train
violence /5169.jpg,1,train
violence /3900.jpg,1,train
non_violence /5061.jpg,0,train
non_violence /1547.jpg,0,train
violence /2095.jpg,1,train
non_violence /761.jpg,0,train
violence /3699.jpg,1,train
non_violence /375.jpg,0,train
violence /1231.jpg,1,train
violence /762.jpg,1,train
non_violence /2551.jpg,0,train
non_violence /1393.jpg,0,train
non_violence /3382.jpg,0,train
violence /5115.jpg,1,train
violence /5433.jpg,1,train
non_violence /4177.jpg,0,train
violence /4397.jpg,1,train
non_violence /3549.jpg,0,train
non_violence /4114.jpg,0,train
violence /4313.jpg,1,train
non_violence /838.jpg,0,train
non_violence /3361.jpg,0,train
non_violence /3566.jpg,0,train
non_violence /3961.jpg,0,train
violence /4058.jpg,1,train
non_violence /698.jpg,0,train
non_violence /3521.jpg,0,train
violence /5620.jpg,1,train
non_violence /1474.jpg,0,train
non_violence /540.jpg,0,train
violence /1277.jpg,1,train
violence /3631.jpg,1,train
violence /2668.jpg,1,train
violence /1314.jpg,1,train
violence /5489.jpg,1,train
violence /808.jpg,1,train
violence /2755.jpg,1,train
non_violence /2569.jpg,0,train
violence /5794.jpg,1,train
non_violence /1039.jpg,0,train
violence /1740.jpg,1,train
non_violence /2879.jpg,0,train
violence /4878.jpg,1,train
non_violence /2794.jpg,0,train
violence /1143.jpg,1,train
violence /1785.jpg,1,train
non_violence /2074.jpg,0,train
non_violence /3920.jpg,0,train
non_violence /5228.jpg,0,train
non_violence /4907.jpg,0,train
non_violence /3.jpg,0,train
non_violence /1022.jpg,0,train
non_violence /864.jpg,0,train
non_violence /3069.jpg,0,train
violence /3247.jpg,1,train
non_violence /979.jpg,0,train
violence /1904.jpg,1,train
violence /3922.jpg,1,train
violence /1344.jpg,1,train
non_violence /4964.jpg,0,train
non_violence /3985.jpg,0,train
non_violence /34.jpg,0,train
non_violence /433.jpg,0,train
violence /2245.jpg,1,train
non_violence /399.jpg,0,train
violence /3850.jpg,1,train
violence /3180.jpg,1,train
violence /2484.jpg,1,train
non_violence /1784.jpg,0,train
non_violence /1386.jpg,0,train
non_violence /4171.jpg,0,train
violence /4235.jpg,1,train
non_violence /2720.jpg,0,train
violence /2937.jpg,1,train
non_violence /2798.jpg,0,train
violence /1428.jpg,1,train
non_violence /652.jpg,0,train
non_violence /1798.jpg,0,train
violence /1062.jpg,1,train
violence /3587.jpg,1,train
violence /2753.jpg,1,train
violence /4531.jpg,1,train
violence /1317.jpg,1,train
violence /5540.jpg,1,train
violence /5089.jpg,1,train
non_violence /1542.jpg,0,train
non_violence /1852.jpg,0,train
violence /1959.jpg,1,train
violence /2852.jpg,1,train
violence /3721.jpg,1,train
non_violence /1931.jpg,0,train
non_violence /3371.jpg,0,train
violence /1189.jpg,1,train
violence /4896.jpg,1,train
violence /3200.jpg,1,train
violence /4320.jpg,1,train
violence /5593.jpg,1,train
violence /817.jpg,1,train
violence /3708.jpg,1,train
violence /1840.jpg,1,train
violence /3770.jpg,1,train
violence /4064.jpg,1,train
non_violence /3536.jpg,0,train
non_violence /4342.jpg,0,train
violence /4007.jpg,1,train
violence /4391.jpg,1,train
non_violence /4481.jpg,0,train
violence /1162.jpg,1,train
non_violence /1068.jpg,0,train
violence /3427.jpg,1,train
non_violence /915.jpg,0,train
violence /5771.jpg,1,train
violence /2839.jpg,1,train
violence /3849.jpg,1,train
violence /1069.jpg,1,train
violence /3551.jpg,1,train
non_violence /3291.jpg,0,train
non_violence /4317.jpg,0,train
non_violence /3739.jpg,0,train
non_violence /302.jpg,0,train
non_violence /1596.jpg,0,train
non_violence /1761.jpg,0,train
non_violence /3576.jpg,0,train
non_violence /1413.jpg,0,train
non_violence /4774.jpg,0,train
non_violence /3730.jpg,0,train
non_violence /3507.jpg,0,train
violence /3694.jpg,1,train
violence /1658.jpg,1,train
violence /2565.jpg,1,train
non_violence /1749.jpg,0,train
violence /469.jpg,1,train
violence /3483.jpg,1,train
violence /5361.jpg,1,train
violence /1881.jpg,1,train
non_violence /3279.jpg,0,train
violence /4713.jpg,1,train
violence /2224.jpg,1,train
violence /2032.jpg,1,train
non_violence /1656.jpg,0,train
non_violence /575.jpg,0,train
non_violence /4258.jpg,0,train
non_violence /4947.jpg,0,train
non_violence /602.jpg,0,train
violence /3941.jpg,1,train
non_violence /3934.jpg,0,train
non_violence /1395.jpg,0,train
violence /2422.jpg,1,train
violence /4108.jpg,1,train
non_violence /2113.jpg,0,train
violence /2418.jpg,1,train
non_violence /5104.jpg,0,train
non_violence /5027.jpg,0,train
non_violence /4450.jpg,0,train
non_violence /138.jpg,0,train
non_violence /718.jpg,0,train
violence /2108.jpg,1,train
non_violence /2005.jpg,0,train
violence /605.jpg,1,train
violence /3592.jpg,1,train
violence /3825.jpg,1,train
non_violence /535.jpg,0,train
violence /143.jpg,1,train
violence /1745.jpg,1,train
non_violence /1170.jpg,0,train
violence /4318.jpg,1,train
non_violence /703.jpg,0,train
non_violence /4421.jpg,0,train
violence /852.jpg,1,train
violence /2461.jpg,1,train
non_violence /996.jpg,0,train
violence /2319.jpg,1,train
violence /4219.jpg,1,train
violence /1991.jpg,1,train
violence /2147.jpg,1,train
violence /1350.jpg,1,train
violence /3553.jpg,1,train
non_violence /1743.jpg,0,train
violence /4101.jpg,1,train
violence /2.jpg,1,train
non_violence /3616.jpg,0,train
violence /2907.jpg,1,train
non_violence /4825.jpg,0,train
violence /3252.jpg,1,train
non_violence /3344.jpg,0,train
non_violence /744.jpg,0,train
non_violence /4985.jpg,0,train
violence /3292.jpg,1,train
violence /2808.jpg,1,train
violence /3879.jpg,1,train
violence /472.jpg,1,train
violence /2122.jpg,1,train
non_violence /2528.jpg,0,train
non_violence /5123.jpg,0,train
non_violence /1289.jpg,0,train
non_violence /2456.jpg,0,train
violence /829.jpg,1,train
violence /480.jpg,1,train
non_violence /3913.jpg,0,train
violence /1592.jpg,1,train
non_violence /2208.jpg,0,train
violence /445.jpg,1,train
non_violence /2731.jpg,0,train
violence /3075.jpg,1,train
violence /736.jpg,1,train
non_violence /1019.jpg,0,train
violence /4327.jpg,1,train
violence /5329.jpg,1,train
violence /3502.jpg,1,train
violence /2653.jpg,1,train
non_violence /96.jpg,0,train
non_violence /1847.jpg,0,train
violence /108.jpg,1,train
non_violence /4858.jpg,0,train
non_violence /2881.jpg,0,train
violence /5685.jpg,1,train
non_violence /4180.jpg,0,train
non_violence /4500.jpg,0,train
non_violence /748.jpg,0,train
violence /5553.jpg,1,train
non_violence /1982.jpg,0,train
violence /3692.jpg,1,train
non_violence /4666.jpg,0,train
violence /4465.jpg,1,train
violence /190.jpg,1,train
violence /1742.jpg,1,train
violence /2463.jpg,1,train
non_violence /4408.jpg,0,train
violence /3535.jpg,1,train
violence /2454.jpg,1,train
non_violence /4455.jpg,0,train
non_violence /4798.jpg,0,train
violence /128.jpg,1,train
violence /5636.jpg,1,train
non_violence /287.jpg,0,train
violence /395.jpg,1,train
violence /3643.jpg,1,train
non_violence /2288.jpg,0,train
non_violence /3686.jpg,0,train
violence /5265.jpg,1,train
violence /5295.jpg,1,train
violence /3298.jpg,1,train
violence /1170.jpg,1,train
non_violence /5137.jpg,0,train
non_violence /2833.jpg,0,train
violence /3079.jpg,1,train
non_violence /4156.jpg,0,train
violence /728.jpg,1,train
violence /1665.jpg,1,train
non_violence /1191.jpg,0,train
violence /3342.jpg,1,train
violence /3976.jpg,1,train
non_violence /589.jpg,0,train
violence /353.jpg,1,train
violence /1738.jpg,1,train
violence /4379.jpg,1,train
non_violence /3311.jpg,0,train
violence /1791.jpg,1,train
non_violence /2202.jpg,0,train
violence /5048.jpg,1,train
violence /2013.jpg,1,train
violence /5197.jpg,1,train
non_violence /2694.jpg,0,train
violence /501.jpg,1,train
violence /2142.jpg,1,train
violence /5521.jpg,1,train
violence /417.jpg,1,train
violence /3178.jpg,1,train
non_violence /2598.jpg,0,train
violence /5175.jpg,1,train
violence /5059.jpg,1,train
non_violence /1584.jpg,0,train
non_violence /3121.jpg,0,train
non_violence /2.jpg,0,train
violence /4972.jpg,1,train
non_violence /848.jpg,0,train
violence /4241.jpg,1,train
non_violence /3434.jpg,0,train
non_violence /1226.jpg,0,train
non_violence /3908.jpg,0,train
violence /333.jpg,1,train
violence /5186.jpg,1,train
non_violence /3486.jpg,0,train
non_violence /2295.jpg,0,train
violence /1669.jpg,1,train
non_violence /966.jpg,0,train
non_violence /5164.jpg,0,train
non_violence /3000.jpg,0,train
non_violence /410.jpg,0,train
violence /337.jpg,1,train
violence /1255.jpg,1,train
non_violence /1879.jpg,0,train
violence /1362.jpg,1,train
violence /3481.jpg,1,train
violence /2113.jpg,1,train
non_violence /5207.jpg,0,train
non_violence /3157.jpg,0,train
non_violence /4743.jpg,0,train
non_violence /1400.jpg,0,train
violence /1483.jpg,1,train
violence /3082.jpg,1,train
violence /4598.jpg,1,train
non_violence /2432.jpg,0,train
non_violence /5178.jpg,0,train
violence /2430.jpg,1,train
non_violence /1254.jpg,0,train
violence /5278.jpg,1,train
non_violence /2752.jpg,0,train
violence /859.jpg,1,train
violence /2030.jpg,1,train
violence /171.jpg,1,train
non_violence /340.jpg,0,train
violence /5719.jpg,1,train
non_violence /1956.jpg,0,train
non_violence /4873.jpg,0,train
violence /3192.jpg,1,train
non_violence /3140.jpg,0,train
non_violence /3192.jpg,0,train
violence /5133.jpg,1,train
non_violence /2865.jpg,0,train
non_violence /741.jpg,0,train
violence /5216.jpg,1,train
non_violence /2762.jpg,0,train
violence /637.jpg,1,train
non_violence /3487.jpg,0,train
violence /5736.jpg,1,train
violence /1134.jpg,1,train
non_violence /1594.jpg,0,train
non_violence /3239.jpg,0,train
non_violence /1762.jpg,0,train
non_violence /3885.jpg,0,train
violence /4387.jpg,1,train
non_violence /1532.jpg,0,train
violence /4216.jpg,1,train
violence /4382.jpg,1,train
non_violence /4864.jpg,0,train
non_violence /2143.jpg,0,train
violence /1411.jpg,1,train
non_violence /3922.jpg,0,train
violence /4456.jpg,1,train
violence /2386.jpg,1,train
violence /2452.jpg,1,train
non_violence /3044.jpg,0,train
violence /123.jpg,1,train
violence /3468.jpg,1,train
non_violence /250.jpg,0,train
violence /188.jpg,1,train
violence /4394.jpg,1,train
violence /1614.jpg,1,train
non_violence /3673.jpg,0,train
violence /1481.jpg,1,train
violence /2558.jpg,1,train
violence /4205.jpg,1,train
violence /3182.jpg,1,train
non_violence /1345.jpg,0,train
non_violence /30.jpg,0,train
violence /1238.jpg,1,train
non_violence /1678.jpg,0,train
non_violence /1203.jpg,0,train
violence /3762.jpg,1,train
violence /629.jpg,1,train
non_violence /5210.jpg,0,train
violence /3398.jpg,1,train
non_violence /328.jpg,0,train
non_violence /470.jpg,0,train
violence /5713.jpg,1,train
non_violence /5165.jpg,0,train
violence /5303.jpg,1,train
non_violence /2599.jpg,0,train
non_violence /3033.jpg,0,train
violence /3845.jpg,1,train
non_violence /2242.jpg,0,train
non_violence /897.jpg,0,train
non_violence /3668.jpg,0,train
non_violence /2959.jpg,0,train
violence /601.jpg,1,train
non_violence /1265.jpg,0,train
non_violence /457.jpg,0,train
non_violence /1842.jpg,0,train
violence /3271.jpg,1,train
violence /2618.jpg,1,train
violence /2278.jpg,1,train
violence /1682.jpg,1,train
violence /1706.jpg,1,train
violence /5743.jpg,1,train
violence /3477.jpg,1,train
violence /1943.jpg,1,train
non_violence /4958.jpg,0,train
violence /3325.jpg,1,train
non_violence /750.jpg,0,train
non_violence /4236.jpg,0,train
violence /659.jpg,1,train
non_violence /1560.jpg,0,train
non_violence /1331.jpg,0,train
non_violence /519.jpg,0,train
violence /3851.jpg,1,train
violence /2903.jpg,1,train
violence /2424.jpg,1,train
non_violence /3821.jpg,0,train
violence /3430.jpg,1,train
violence /799.jpg,1,train
non_violence /2358.jpg,0,train
non_violence /271.jpg,0,train
non_violence /3178.jpg,0,train
violence /3478.jpg,1,train
non_violence /1371.jpg,0,train
violence /4176.jpg,1,train
violence /4445.jpg,1,train
violence /3166.jpg,1,train
non_violence /3107.jpg,0,train
violence /4954.jpg,1,train
non_violence /4155.jpg,0,train
violence /2155.jpg,1,train
non_violence /1854.jpg,0,train
violence /4438.jpg,1,train
non_violence /2985.jpg,0,train
violence /2983.jpg,1,train
non_violence /3431.jpg,0,train
violence /4755.jpg,1,train
non_violence /4205.jpg,0,train
violence /3751.jpg,1,train
non_violence /4692.jpg,0,train
non_violence /3204.jpg,0,train
non_violence /2465.jpg,0,train
non_violence /4452.jpg,0,train
non_violence /3660.jpg,0,train
violence /4057.jpg,1,train
violence /5659.jpg,1,train
non_violence /3578.jpg,0,train
violence /1094.jpg,1,train
non_violence /4189.jpg,0,train
non_violence /432.jpg,0,train
violence /1066.jpg,1,train
non_violence /284.jpg,0,train
non_violence /1943.jpg,0,train
violence /2248.jpg,1,train
violence /5654.jpg,1,train
violence /954.jpg,1,train
non_violence /4119.jpg,0,train
violence /1875.jpg,1,train
non_violence /3076.jpg,0,train
non_violence /282.jpg,0,train
violence /2626.jpg,1,train
non_violence /4096.jpg,0,train
violence /1541.jpg,1,train
violence /5560.jpg,1,train
violence /2090.jpg,1,train
non_violence /5015.jpg,0,train
violence /600.jpg,1,train
non_violence /3946.jpg,0,train
non_violence /845.jpg,0,train
violence /2136.jpg,1,train
violence /4475.jpg,1,train
non_violence /5206.jpg,0,train
non_violence /4948.jpg,0,train
non_violence /840.jpg,0,train
non_violence /1677.jpg,0,train
violence /5702.jpg,1,train
non_violence /3748.jpg,0,train
violence /1167.jpg,1,train
non_violence /1597.jpg,0,train
violence /1278.jpg,1,train
non_violence /5183.jpg,0,train
non_violence /2685.jpg,0,train
violence /2181.jpg,1,train
violence /3920.jpg,1,train
non_violence /209.jpg,0,train
non_violence /4660.jpg,0,train
non_violence /3819.jpg,0,train
non_violence /7.jpg,0,train
non_violence /3217.jpg,0,train
violence /236.jpg,1,train
violence /1674.jpg,1,train
violence /2977.jpg,1,train
violence /4429.jpg,1,train
non_violence /2592.jpg,0,train
non_violence /1184.jpg,0,train
non_violence /4350.jpg,0,train
non_violence /4741.jpg,0,train
non_violence /3904.jpg,0,train
non_violence /4394.jpg,0,train
violence /4238.jpg,1,train
non_violence /2846.jpg,0,train
non_violence /4491.jpg,0,train
non_violence /2490.jpg,0,train
non_violence /3789.jpg,0,train
non_violence /2111.jpg,0,train
violence /2560.jpg,1,train
violence /2926.jpg,1,train
violence /678.jpg,1,train
violence /3549.jpg,1,train
non_violence /4944.jpg,0,train
non_violence /2815.jpg,0,train
violence /748.jpg,1,train
non_violence /4442.jpg,0,train
non_violence /376.jpg,0,train
violence /2623.jpg,1,train
non_violence /5163.jpg,0,train
violence /1024.jpg,1,train
non_violence /2103.jpg,0,train
violence /1405.jpg,1,train
violence /2358.jpg,1,train
non_violence /3745.jpg,0,train
non_violence /4934.jpg,0,train
non_violence /730.jpg,0,train
violence /4490.jpg,1,train
violence /418.jpg,1,train
violence /3949.jpg,1,train
non_violence /795.jpg,0,train
violence /457.jpg,1,train
non_violence /1794.jpg,0,train
non_violence /3850.jpg,0,train
violence /1063.jpg,1,train
non_violence /1732.jpg,0,train
violence /179.jpg,1,train
non_violence /2189.jpg,0,train
violence /1371.jpg,1,train
non_violence /4431.jpg,0,train
violence /1400.jpg,1,train
violence /2934.jpg,1,train
violence /4409.jpg,1,train
violence /5402.jpg,1,train
non_violence /2082.jpg,0,train
violence /5823.jpg,1,train
non_violence /1015.jpg,0,train
non_violence /2863.jpg,0,train
violence /833.jpg,1,train
non_violence /743.jpg,0,train
non_violence /3694.jpg,0,train
violence /3195.jpg,1,train
violence /2803.jpg,1,train
non_violence /4730.jpg,0,train
violence /3202.jpg,1,train
violence /1542.jpg,1,train
non_violence /2540.jpg,0,train
violence /1590.jpg,1,train
violence /1711.jpg,1,train
non_violence /1525.jpg,0,train
violence /883.jpg,1,train
violence /266.jpg,1,train
violence /789.jpg,1,train
violence /866.jpg,1,train
violence /5014.jpg,1,train
violence /2417.jpg,1,train
violence /4823.jpg,1,train
non_violence /2259.jpg,0,train
violence /2455.jpg,1,train
non_violence /2417.jpg,0,train
non_violence /2877.jpg,0,train
violence /4403.jpg,1,train
violence /2874.jpg,1,train
violence /1753.jpg,1,train
violence /49.jpg,1,train
violence /244.jpg,1,train
violence /492.jpg,1,train
violence /623.jpg,1,train
violence /5164.jpg,1,train
violence /5176.jpg,1,train
violence /1893.jpg,1,train
non_violence /171.jpg,0,train
violence /2351.jpg,1,train
violence /2756.jpg,1,train
violence /1996.jpg,1,train
non_violence /3248.jpg,0,train
violence /1046.jpg,1,train
non_violence /4287.jpg,0,train
violence /4296.jpg,1,train
violence /2616.jpg,1,train
non_violence /459.jpg,0,train
non_violence /5035.jpg,0,train
non_violence /752.jpg,0,train
violence /2720.jpg,1,train
violence /1332.jpg,1,train
violence /4726.jpg,1,train
violence /1812.jpg,1,train
violence /2679.jpg,1,train
non_violence /4492.jpg,0,train
violence /2745.jpg,1,train
violence /3804.jpg,1,train
non_violence /1007.jpg,0,train
violence /1225.jpg,1,train
non_violence /3524.jpg,0,train
non_violence /10.jpg,0,train
non_violence /5121.jpg,0,train
violence /1054.jpg,1,train
violence /4937.jpg,1,train
violence /2157.jpg,1,train
violence /2713.jpg,1,train
violence /3246.jpg,1,train
non_violence /155.jpg,0,train
non_violence /429.jpg,0,train
violence /1756.jpg,1,train
violence /4213.jpg,1,train
violence /3105.jpg,1,train
non_violence /1040.jpg,0,train
non_violence /2125.jpg,0,train
non_violence /112.jpg,0,train
non_violence /676.jpg,0,train
violence /565.jpg,1,train
non_violence /2101.jpg,0,train
non_violence /3277.jpg,0,train
violence /500.jpg,1,train
non_violence /3221.jpg,0,train
violence /3394.jpg,1,train
non_violence /4204.jpg,0,train
violence /2602.jpg,1,train
violence /3978.jpg,1,train
violence /3179.jpg,1,train
violence /4039.jpg,1,train
violence /1739.jpg,1,train
non_violence /3750.jpg,0,train
violence /1193.jpg,1,train
non_violence /4915.jpg,0,train
non_violence /1608.jpg,0,train
violence /2970.jpg,1,train
non_violence /874.jpg,0,train
violence /5726.jpg,1,train
violence /3145.jpg,1,train
violence /14.jpg,1,train
non_violence /4419.jpg,0,train
non_violence /3493.jpg,0,train
non_violence /4664.jpg,0,train
violence /3833.jpg,1,train
non_violence /1412.jpg,0,train
violence /532.jpg,1,train
non_violence /2261.jpg,0,train
violence /3765.jpg,1,train
violence /3716.jpg,1,train
violence /1488.jpg,1,train
violence /5091.jpg,1,train
violence /3958.jpg,1,train
violence /2165.jpg,1,train
violence /878.jpg,1,train
violence /1414.jpg,1,train
violence /2296.jpg,1,train
non_violence /3801.jpg,0,train
non_violence /2071.jpg,0,train
violence /674.jpg,1,train
violence /2898.jpg,1,train
violence /1084.jpg,1,train
non_violence /2431.jpg,0,train
violence /4928.jpg,1,train
violence /3887.jpg,1,train
violence /4362.jpg,1,train
violence /4196.jpg,1,train
non_violence /3674.jpg,0,train
non_violence /3026.jpg,0,train
violence /4281.jpg,1,train
violence /4369.jpg,1,train
violence /4262.jpg,1,train
violence /790.jpg,1,train
violence /4605.jpg,1,train
violence /1944.jpg,1,train
non_violence /396.jpg,0,train
violence /1617.jpg,1,train
non_violence /422.jpg,0,train
non_violence /1758.jpg,0,train
violence /682.jpg,1,train
non_violence /3602.jpg,0,train
violence /2673.jpg,1,train
violence /243.jpg,1,train
violence /4192.jpg,1,train
violence /57.jpg,1,train
violence /1138.jpg,1,train
non_violence /2230.jpg,0,train
violence /3906.jpg,1,train
violence /711.jpg,1,train
non_violence /136.jpg,0,train
non_violence /1010.jpg,0,train
violence /1381.jpg,1,train
non_violence /4363.jpg,0,train
violence /927.jpg,1,train
non_violence /5209.jpg,0,train
non_violence /3314.jpg,0,train
non_violence /167.jpg,0,train
non_violence /2611.jpg,0,train
violence /737.jpg,1,train
non_violence /2579.jpg,0,train
non_violence /5145.jpg,0,train
non_violence /1867.jpg,0,train
non_violence /2539.jpg,0,train
violence /4779.jpg,1,train
violence /2079.jpg,1,train
violence /1241.jpg,1,train
non_violence /4406.jpg,0,train
non_violence /106.jpg,0,train
non_violence /4257.jpg,0,train
non_violence /779.jpg,0,train
violence /4863.jpg,1,train
non_violence /2700.jpg,0,train
violence /3149.jpg,1,train
violence /2775.jpg,1,train
non_violence /481.jpg,0,train
non_violence /3049.jpg,0,train
violence /554.jpg,1,train
non_violence /454.jpg,0,train
violence /2564.jpg,1,train
non_violence /4477.jpg,0,train
violence /697.jpg,1,train
violence /5069.jpg,1,train
violence /1980.jpg,1,train
violence /1945.jpg,1,train
non_violence /405.jpg,0,train
non_violence /234.jpg,0,train
non_violence /643.jpg,0,train
non_violence /1587.jpg,0,train
violence /643.jpg,1,train
non_violence /1963.jpg,0,train
non_violence /2310.jpg,0,train
violence /1393.jpg,1,train
non_violence /3464.jpg,0,train
violence /4440.jpg,1,train
non_violence /3717.jpg,0,train
non_violence /836.jpg,0,train
violence /4455.jpg,1,train
non_violence /699.jpg,0,train
non_violence /102.jpg,0,train
non_violence /2616.jpg,0,train
violence /1885.jpg,1,train
violence /3796.jpg,1,train
non_violence /2484.jpg,0,train
non_violence /3298.jpg,0,train
violence /2891.jpg,1,train
violence /1600.jpg,1,train
non_violence /1323.jpg,0,train
violence /2772.jpg,1,train
non_violence /2808.jpg,0,train
non_violence /775.jpg,0,train
violence /5815.jpg,1,train
non_violence /3274.jpg,0,train
violence /571.jpg,1,train
violence /1173.jpg,1,train
non_violence /3409.jpg,0,train
violence /5696.jpg,1,train
non_violence /2419.jpg,0,train
violence /105.jpg,1,train
non_violence /4347.jpg,0,train
violence /2964.jpg,1,train
violence /4785.jpg,1,train
non_violence /642.jpg,0,train
non_violence /3541.jpg,0,train
non_violence /4578.jpg,0,train
non_violence /982.jpg,0,train
violence /4938.jpg,1,train
violence /1348.jpg,1,train
violence /4181.jpg,1,train
non_violence /1635.jpg,0,train
non_violence /2610.jpg,0,train
violence /1099.jpg,1,train
violence /1254.jpg,1,train
violence /458.jpg,1,train
violence /1444.jpg,1,train
violence /1778.jpg,1,train
non_violence /4834.jpg,0,train
non_violence /1563.jpg,0,train
non_violence /3780.jpg,0,train
non_violence /3688.jpg,0,train
non_violence /1718.jpg,0,train
violence /2043.jpg,1,train
non_violence /3111.jpg,0,train
violence /61.jpg,1,train
violence /4383.jpg,1,train
violence /4742.jpg,1,train
non_violence /4725.jpg,0,train
violence /2304.jpg,1,train
non_violence /876.jpg,0,train
non_violence /4447.jpg,0,train
non_violence /2581.jpg,0,train
violence /1690.jpg,1,train
non_violence /3728.jpg,0,train
violence /1075.jpg,1,train
violence /1159.jpg,1,train
violence /3377.jpg,1,train
non_violence /2088.jpg,0,train
violence /4819.jpg,1,train
non_violence /4306.jpg,0,train
violence /2253.jpg,1,train
violence /768.jpg,1,train
non_violence /1303.jpg,0,train
non_violence /344.jpg,0,train
non_violence /697.jpg,0,train
violence /216.jpg,1,train
non_violence /702.jpg,0,train
non_violence /2491.jpg,0,train
non_violence /4930.jpg,0,train
non_violence /2564.jpg,0,train
non_violence /4244.jpg,0,train
violence /3816.jpg,1,train
non_violence /438.jpg,0,train
non_violence /4025.jpg,0,train
non_violence /1487.jpg,0,train
violence /4750.jpg,1,train
non_violence /1426.jpg,0,train
violence /3322.jpg,1,train
non_violence /3918.jpg,0,train
violence /1034.jpg,1,train
violence /1307.jpg,1,train
violence /264.jpg,1,train
non_violence /4465.jpg,0,train
non_violence /1554.jpg,0,train
violence /5837.jpg,1,train
violence /3367.jpg,1,train
violence /5563.jpg,1,train
violence /778.jpg,1,train
non_violence /4118.jpg,0,train
violence /5466.jpg,1,train
violence /2800.jpg,1,train
non_violence /1213.jpg,0,train
violence /3847.jpg,1,train
non_violence /2578.jpg,0,train
violence /1919.jpg,1,train
violence /165.jpg,1,train
violence /5504.jpg,1,train
non_violence /1843.jpg,0,train
non_violence /3619.jpg,0,train
violence /84.jpg,1,train
violence /3780.jpg,1,train
non_violence /2096.jpg,0,train
non_violence /485.jpg,0,train
non_violence /3218.jpg,0,train
violence /5254.jpg,1,train
non_violence /1804.jpg,0,train
violence /1789.jpg,1,train
violence /658.jpg,1,train
violence /2173.jpg,1,train
violence /97.jpg,1,train
non_violence /2216.jpg,0,train
violence /2237.jpg,1,train
non_violence /168.jpg,0,train
non_violence /2129.jpg,0,train
violence /5292.jpg,1,train
non_violence /4232.jpg,0,train
non_violence /1486.jpg,0,train
violence /5530.jpg,1,train
non_violence /1614.jpg,0,train
non_violence /3895.jpg,0,train
non_violence /4851.jpg,0,train
non_violence /3534.jpg,0,train
violence /3686.jpg,1,train
non_violence /218.jpg,0,train
non_violence /1819.jpg,0,train
non_violence /4945.jpg,0,train
violence /4207.jpg,1,train
violence /4666.jpg,1,train
non_violence /3999.jpg,0,train
non_violence /704.jpg,0,train
non_violence /8.jpg,0,train
non_violence /1897.jpg,0,train
violence /4334.jpg,1,train
non_violence /3393.jpg,0,train
violence /5177.jpg,1,train
non_violence /3786.jpg,0,train
violence /3027.jpg,1,train
non_violence /2724.jpg,0,train
violence /2371.jpg,1,train
non_violence /4884.jpg,0,train
non_violence /2682.jpg,0,train
non_violence /385.jpg,0,train
violence /5294.jpg,1,train
non_violence /210.jpg,0,train
violence /2922.jpg,1,train
violence /2393.jpg,1,train
non_violence /478.jpg,0,train
non_violence /4334.jpg,0,train
non_violence /4582.jpg,0,train
violence /5171.jpg,1,train
non_violence /1834.jpg,0,train
violence /5766.jpg,1,train
violence /300.jpg,1,train
non_violence /4674.jpg,0,train
violence /1435.jpg,1,train
non_violence /4446.jpg,0,train
violence /749.jpg,1,train
non_violence /2693.jpg,0,train
non_violence /1127.jpg,0,train
non_violence /4880.jpg,0,train
violence /5051.jpg,1,train
non_violence /3253.jpg,0,train
violence /4887.jpg,1,train
non_violence /5099.jpg,0,train
non_violence /2231.jpg,0,train
violence /3589.jpg,1,train
non_violence /2525.jpg,0,train
violence /5157.jpg,1,train
violence /1781.jpg,1,train
non_violence /1675.jpg,0,train
non_violence /797.jpg,0,train
violence /527.jpg,1,train
violence /2355.jpg,1,train
non_violence /4998.jpg,0,train
violence /3215.jpg,1,train
violence /2647.jpg,1,train
non_violence /2506.jpg,0,train
non_violence /12.jpg,0,train
non_violence /3879.jpg,0,train
non_violence /2615.jpg,0,train
non_violence /369.jpg,0,train
violence /1102.jpg,1,train
non_violence /2095.jpg,0,train
violence /4290.jpg,1,train
non_violence /2375.jpg,0,train
violence /1633.jpg,1,train
violence /1337.jpg,1,train
non_violence /2393.jpg,0,train
violence /2451.jpg,1,train
non_violence /1782.jpg,0,train
violence /1605.jpg,1,train
violence /528.jpg,1,train
non_violence /2306.jpg,0,train
violence /5442.jpg,1,train
non_violence /1466.jpg,0,train
non_violence /4680.jpg,0,train
non_violence /3699.jpg,0,train
violence /2040.jpg,1,train
violence /3775.jpg,1,train
violence /4660.jpg,1,train
violence /3798.jpg,1,train
violence /5471.jpg,1,train
violence /2860.jpg,1,train
violence /403.jpg,1,train
violence /331.jpg,1,train
non_violence /3997.jpg,0,train
violence /3907.jpg,1,train
violence /1437.jpg,1,train
violence /2025.jpg,1,train
violence /4616.jpg,1,train
violence /1905.jpg,1,train
non_violence /2673.jpg,0,train
violence /3685.jpg,1,train
violence /4336.jpg,1,train
violence /5656.jpg,1,train
non_violence /2212.jpg,0,train
non_violence /4108.jpg,0,train
violence /2948.jpg,1,train
violence /4435.jpg,1,train
violence /25.jpg,1,train
non_violence /3422.jpg,0,train
non_violence /712.jpg,0,train
non_violence /4879.jpg,0,train
non_violence /1646.jpg,0,train
violence /3404.jpg,1,train
violence /2605.jpg,1,train
non_violence /4037.jpg,0,train
violence /5419.jpg,1,train
non_violence /2831.jpg,0,train
violence /1587.jpg,1,train
non_violence /4456.jpg,0,train
non_violence /2187.jpg,0,train
non_violence /3573.jpg,0,train
violence /1186.jpg,1,train
non_violence /1099.jpg,0,train
violence /5224.jpg,1,train
non_violence /2112.jpg,0,train
violence /1273.jpg,1,train
violence /4093.jpg,1,train
non_violence /1309.jpg,0,train
violence /4361.jpg,1,train
violence /1874.jpg,1,train
non_violence /1070.jpg,0,train
violence /511.jpg,1,train
violence /4270.jpg,1,train
violence /3274.jpg,1,train
violence /1328.jpg,1,train
violence /1416.jpg,1,train
non_violence /2452.jpg,0,train
non_violence /159.jpg,0,train
non_violence /1886.jpg,0,train
violence /409.jpg,1,train
violence /88.jpg,1,train
violence /1807.jpg,1,train
non_violence /1308.jpg,0,train
non_violence /4548.jpg,0,train
violence /5738.jpg,1,train
violence /2239.jpg,1,train
non_violence /3496.jpg,0,train
non_violence /4072.jpg,0,train
non_violence /3511.jpg,0,train
non_violence /962.jpg,0,train
violence /5352.jpg,1,train
violence /1564.jpg,1,train
non_violence /3177.jpg,0,train
violence /2863.jpg,1,train
non_violence /1088.jpg,0,train
violence /82.jpg,1,train
non_violence /4415.jpg,0,train
violence /3442.jpg,1,train
violence /79.jpg,1,train
non_violence /3438.jpg,0,train
non_violence /2162.jpg,0,train
violence /5218.jpg,1,train
violence /724.jpg,1,train
non_violence /927.jpg,0,train
violence /2915.jpg,1,train
non_violence /2878.jpg,0,train
violence /2544.jpg,1,train
violence /3983.jpg,1,train
violence /5760.jpg,1,train
non_violence /29.jpg,0,train
violence /2737.jpg,1,train
violence /2038.jpg,1,train
non_violence /3077.jpg,0,train
non_violence /5090.jpg,0,train
non_violence /5168.jpg,0,train
violence /5114.jpg,1,train
non_violence /3040.jpg,0,train
non_violence /2780.jpg,0,train
non_violence /2271.jpg,0,train
non_violence /776.jpg,0,train
violence /1451.jpg,1,train
violence /2007.jpg,1,train
non_violence /2312.jpg,0,train
violence /2543.jpg,1,train
violence /2372.jpg,1,train
violence /3529.jpg,1,train
non_violence /3520.jpg,0,train
violence /1463.jpg,1,train
violence /4655.jpg,1,train
violence /5328.jpg,1,train
non_violence /3721.jpg,0,train
non_violence /3633.jpg,0,train
non_violence /3183.jpg,0,train
violence /2910.jpg,1,train
non_violence /5110.jpg,0,train
violence /1956.jpg,1,train
violence /2794.jpg,1,train
non_violence /4957.jpg,0,train
violence /2054.jpg,1,train
violence /4986.jpg,1,train
non_violence /2754.jpg,0,train
violence /2798.jpg,1,train
non_violence /4424.jpg,0,train
violence /402.jpg,1,train
non_violence /3845.jpg,0,train
non_violence /2405.jpg,0,train
violence /3540.jpg,1,train
non_violence /932.jpg,0,train
violence /4916.jpg,1,train
non_violence /3230.jpg,0,train
non_violence /3569.jpg,0,train
non_violence /1241.jpg,0,train
violence /2504.jpg,1,train
non_violence /3654.jpg,0,train
violence /311.jpg,1,train
non_violence /668.jpg,0,train
non_violence /4303.jpg,0,train
non_violence /2658.jpg,0,train
non_violence /4395.jpg,0,train
violence /1896.jpg,1,train
non_violence /2796.jpg,0,train
violence /3173.jpg,1,train
violence /863.jpg,1,train
non_violence /3185.jpg,0,train
non_violence /1655.jpg,0,train
non_violence /3769.jpg,0,train
non_violence /4082.jpg,0,train
non_violence /2613.jpg,0,train
violence /911.jpg,1,train
non_violence /3089.jpg,0,train
violence /1862.jpg,1,train
non_violence /116.jpg,0,train
non_violence /618.jpg,0,train
non_violence /3843.jpg,0,train
violence /1838.jpg,1,train
violence /5272.jpg,1,train
violence /5787.jpg,1,train
violence /1608.jpg,1,train
non_violence /1679.jpg,0,train
violence /5789.jpg,1,train
non_violence /2205.jpg,0,train
violence /2559.jpg,1,train
non_violence /3725.jpg,0,train
violence /2398.jpg,1,train
violence /3262.jpg,1,train
violence /2071.jpg,1,train
non_violence /1733.jpg,0,train
violence /2148.jpg,1,train
violence /2175.jpg,1,train
non_violence /489.jpg,0,train
violence /438.jpg,1,train
non_violence /1920.jpg,0,train
non_violence /3413.jpg,0,train
violence /4493.jpg,1,train
violence /4010.jpg,1,train
violence /4811.jpg,1,train
violence /2705.jpg,1,train
non_violence /3164.jpg,0,train
violence /372.jpg,1,train
violence /3220.jpg,1,train
violence /4111.jpg,1,train
violence /4295.jpg,1,train
non_violence /1622.jpg,0,train
violence /5557.jpg,1,train
violence /4684.jpg,1,train
non_violence /4551.jpg,0,train
non_violence /3315.jpg,0,train
non_violence /3840.jpg,0,train
violence /3756.jpg,1,train
non_violence /4433.jpg,0,train
violence /4136.jpg,1,train
violence /4895.jpg,1,train
non_violence /5081.jpg,0,train
non_violence /1385.jpg,0,train
violence /2581.jpg,1,train
non_violence /3017.jpg,0,train
violence /4974.jpg,1,train
violence /1388.jpg,1,train
violence /903.jpg,1,train
violence /1940.jpg,1,train
violence /983.jpg,1,train
non_violence /3387.jpg,0,train
non_violence /4584.jpg,0,train
violence /37.jpg,1,train
non_violence /1586.jpg,0,train
non_violence /2679.jpg,0,train
non_violence /1322.jpg,0,train
non_violence /1997.jpg,0,train
violence /3196.jpg,1,train
non_violence /2821.jpg,0,train
non_violence /4898.jpg,0,train
non_violence /3359.jpg,0,train
non_violence /1108.jpg,0,train
non_violence /463.jpg,0,train
non_violence /242.jpg,0,train
non_violence /1305.jpg,0,train
non_violence /274.jpg,0,train
non_violence /1240.jpg,0,train
violence /4688.jpg,1,train
non_violence /2263.jpg,0,train
violence /5426.jpg,1,train
non_violence /336.jpg,0,train
non_violence /5052.jpg,0,train
violence /5675.jpg,1,train
violence /5170.jpg,1,train
non_violence /857.jpg,0,train
non_violence /3965.jpg,0,train
violence /702.jpg,1,train
violence /5024.jpg,1,train
non_violence /3342.jpg,0,train
violence /1180.jpg,1,train
non_violence /4246.jpg,0,train
violence /647.jpg,1,train
non_violence /1523.jpg,0,train
non_violence /1138.jpg,0,train
non_violence /2708.jpg,0,train
non_violence /3176.jpg,0,train
non_violence /2407.jpg,0,train
violence /5122.jpg,1,train
violence /2577.jpg,1,train
violence /726.jpg,1,train
violence /4965.jpg,1,train
violence /4501.jpg,1,train
non_violence /662.jpg,0,train
violence /189.jpg,1,train
violence /4033.jpg,1,train
violence /1141.jpg,1,train
non_violence /4147.jpg,0,train
non_violence /3964.jpg,0,train
non_violence /1600.jpg,0,train
non_violence /3307.jpg,0,train
violence /2834.jpg,1,train
non_violence /567.jpg,0,train
non_violence /4586.jpg,0,train
non_violence /4889.jpg,0,train
violence /5526.jpg,1,train
violence /2368.jpg,1,train
non_violence /3664.jpg,0,train
violence /3341.jpg,1,train
violence /1708.jpg,1,train
violence /3293.jpg,1,train
violence /2655.jpg,1,train
violence /5076.jpg,1,train
non_violence /1613.jpg,0,train
non_violence /3163.jpg,0,train
violence /540.jpg,1,train
non_violence /4694.jpg,0,train
non_violence /3911.jpg,0,train
non_violence /1831.jpg,0,train
non_violence /2958.jpg,0,train
violence /677.jpg,1,train
violence /688.jpg,1,train
non_violence /4049.jpg,0,train
non_violence /74.jpg,0,train
non_violence /1530.jpg,0,train
non_violence /3271.jpg,0,train
violence /972.jpg,1,train
violence /1951.jpg,1,train
violence /5043.jpg,1,train
violence /5449.jpg,1,train
non_violence /4532.jpg,0,train
non_violence /4995.jpg,0,train
violence /405.jpg,1,train
non_violence /3262.jpg,0,train
non_violence /1167.jpg,0,train
non_violence /5157.jpg,0,train
non_violence /4654.jpg,0,train
violence /2781.jpg,1,train
non_violence /967.jpg,0,train
non_violence /1023.jpg,0,train
non_violence /236.jpg,0,train
violence /1106.jpg,1,train
non_violence /2397.jpg,0,train
non_violence /190.jpg,0,train
non_violence /3966.jpg,0,train
non_violence /2236.jpg,0,train
violence /1694.jpg,1,train
non_violence /4871.jpg,0,train
violence /44.jpg,1,train
violence /1503.jpg,1,train
non_violence /1110.jpg,0,train
violence /1727.jpg,1,train
non_violence /2403.jpg,0,train
violence /4464.jpg,1,train
non_violence /5142.jpg,0,train
non_violence /5116.jpg,0,train
violence /2125.jpg,1,train
violence /2401.jpg,1,train
violence /4190.jpg,1,train
violence /181.jpg,1,train
violence /3448.jpg,1,train
violence /1502.jpg,1,train
non_violence /725.jpg,0,train
non_violence /4418.jpg,0,train
violence /2104.jpg,1,train
violence /361.jpg,1,train
violence /1076.jpg,1,train
violence /3982.jpg,1,train
violence /3738.jpg,1,train
non_violence /4469.jpg,0,train
non_violence /4513.jpg,0,train
non_violence /211.jpg,0,train
violence /1080.jpg,1,train
violence /2840.jpg,1,train
non_violence /4166.jpg,0,train
violence /690.jpg,1,train
violence /2399.jpg,1,train
violence /2918.jpg,1,train
violence /4337.jpg,1,train
violence /5340.jpg,1,train
non_violence /3535.jpg,0,train
violence /4529.jpg,1,train
non_violence /4245.jpg,0,train
violence /3378.jpg,1,train
violence /3209.jpg,1,train
violence /1203.jpg,1,train
non_violence /1375.jpg,0,train
violence /4019.jpg,1,train
violence /4353.jpg,1,train
violence /3225.jpg,1,train
violence /4194.jpg,1,train
non_violence /2789.jpg,0,train
non_violence /2660.jpg,0,train
violence /3299.jpg,1,train
violence /2665.jpg,1,train
violence /3689.jpg,1,train
non_violence /4563.jpg,0,train
violence /362.jpg,1,train
non_violence /4229.jpg,0,train
non_violence /2133.jpg,0,train
non_violence /4714.jpg,0,train
violence /5233.jpg,1,train
violence /2064.jpg,1,train
violence /1923.jpg,1,train
non_violence /2556.jpg,0,train
non_violence /1084.jpg,0,train
non_violence /4608.jpg,0,train
non_violence /389.jpg,0,train
violence /812.jpg,1,train
violence /89.jpg,1,train
violence /3244.jpg,1,train
violence /953.jpg,1,train
violence /3940.jpg,1,train
non_violence /1051.jpg,0,train
violence /4560.jpg,1,train
non_violence /1607.jpg,0,train
violence /3622.jpg,1,train
violence /2482.jpg,1,train
violence /133.jpg,1,train
violence /497.jpg,1,train
violence /5584.jpg,1,train
violence /2959.jpg,1,train
non_violence /2535.jpg,0,train
violence /1683.jpg,1,train
violence /1201.jpg,1,train
non_violence /4332.jpg,0,train
violence /589.jpg,1,train
violence /2332.jpg,1,train
non_violence /1746.jpg,0,train
non_violence /684.jpg,0,train
non_violence /1187.jpg,0,train
non_violence /5029.jpg,0,train
non_violence /3510.jpg,0,train
violence /572.jpg,1,train
non_violence /4043.jpg,0,train
non_violence /123.jpg,0,train
violence /4854.jpg,1,train
violence /3634.jpg,1,train
non_violence /2475.jpg,0,train
non_violence /2255.jpg,0,train
violence /5809.jpg,1,train
violence /2475.jpg,1,train
non_violence /3116.jpg,0,train
non_violence /2978.jpg,0,train
non_violence /394.jpg,0,train
non_violence /2926.jpg,0,train
violence /3232.jpg,1,train
non_violence /1776.jpg,0,train
violence /3799.jpg,1,train
violence /506.jpg,1,train
non_violence /3522.jpg,0,train
violence /818.jpg,1,train
non_violence /1786.jpg,0,train
violence /5666.jpg,1,train
non_violence /4101.jpg,0,train
violence /1925.jpg,1,train
non_violence /370.jpg,0,train
non_violence /2764.jpg,0,train
non_violence /2601.jpg,0,train
non_violence /3947.jpg,0,train
violence /1504.jpg,1,train
non_violence /278.jpg,0,train
violence /2354.jpg,1,train
non_violence /2487.jpg,0,train
violence /5025.jpg,1,train
non_violence /4828.jpg,0,train
non_violence /1162.jpg,0,train
violence /4366.jpg,1,train
violence /2101.jpg,1,train
violence /1850.jpg,1,train
violence /2734.jpg,1,train
non_violence /3105.jpg,0,train
violence /3826.jpg,1,train
non_violence /4352.jpg,0,train
violence /568.jpg,1,train
non_violence /3242.jpg,0,train
violence /4096.jpg,1,train
violence /4803.jpg,1,train
non_violence /0.jpg,0,train
non_violence /4835.jpg,0,train
non_violence /3503.jpg,0,train
non_violence /2061.jpg,0,train
violence /4155.jpg,1,train
non_violence /2767.jpg,0,train
violence /1774.jpg,1,train
non_violence /1949.jpg,0,train
non_violence /1809.jpg,0,train
violence /4034.jpg,1,train
violence /2757.jpg,1,train
violence /4338.jpg,1,train
violence /2576.jpg,1,train
violence /437.jpg,1,train
violence /32.jpg,1,train
non_violence /3836.jpg,0,train
non_violence /2544.jpg,0,train
non_violence /1568.jpg,0,train
violence /1464.jpg,1,train
non_violence /546.jpg,0,train
non_violence /3439.jpg,0,train
non_violence /3448.jpg,0,train
violence /1570.jpg,1,train
violence /157.jpg,1,train
non_violence /1355.jpg,0,train
non_violence /5018.jpg,0,train
violence /4571.jpg,1,train
non_violence /2630.jpg,0,train
non_violence /4977.jpg,0,train
non_violence /4981.jpg,0,train
violence /1629.jpg,1,train
non_violence /3837.jpg,0,train
non_violence /2727.jpg,0,train
non_violence /367.jpg,0,train
non_violence /5125.jpg,0,train
non_violence /4921.jpg,0,train
violence /4667.jpg,1,train
violence /5380.jpg,1,train
violence /2065.jpg,1,train
non_violence /888.jpg,0,train
non_violence /4435.jpg,0,train
non_violence /3377.jpg,0,train
violence /4764.jpg,1,train
non_violence /4503.jpg,0,train
non_violence /3929.jpg,0,train
non_violence /865.jpg,0,train
non_violence /3986.jpg,0,train
violence /5194.jpg,1,train
non_violence /1085.jpg,0,train
non_violence /1115.jpg,0,train
non_violence /1471.jpg,0,train
non_violence /4007.jpg,0,train
non_violence /1768.jpg,0,train
non_violence /3416.jpg,0,train
non_violence /1837.jpg,0,train
non_violence /4655.jpg,0,train
violence /4648.jpg,1,train
non_violence /1076.jpg,0,train
non_violence /3447.jpg,0,train
non_violence /3646.jpg,0,train
violence /4251.jpg,1,train
violence /3366.jpg,1,train
violence /2073.jpg,1,train
non_violence /3313.jpg,0,train
violence /2211.jpg,1,train
non_violence /4534.jpg,0,train
violence /2631.jpg,1,train
non_violence /235.jpg,0,train
violence /490.jpg,1,train
violence /1828.jpg,1,train
violence /725.jpg,1,train
non_violence /636.jpg,0,train
violence /4791.jpg,1,train
violence /642.jpg,1,train
violence /5341.jpg,1,train
non_violence /2907.jpg,0,train
violence /3045.jpg,1,train
non_violence /2906.jpg,0,train
non_violence /4384.jpg,0,train
violence /5583.jpg,1,train
violence /4255.jpg,1,train
non_violence /816.jpg,0,train
violence /1731.jpg,1,train
non_violence /3246.jpg,0,train
non_violence /2905.jpg,0,train
non_violence /694.jpg,0,train
non_violence /1321.jpg,0,train
non_violence /2336.jpg,0,train
violence /112.jpg,1,train
violence /1790.jpg,1,train
non_violence /1623.jpg,0,train
violence /5409.jpg,1,train
non_violence /289.jpg,0,train
non_violence /1928.jpg,0,train
non_violence /4553.jpg,0,train
non_violence /3087.jpg,0,train
violence /255.jpg,1,train
non_violence /3559.jpg,0,train
violence /2892.jpg,1,train
non_violence /3614.jpg,0,train
violence /2346.jpg,1,train
violence /4323.jpg,1,train
violence /152.jpg,1,train
violence /5672.jpg,1,train
non_violence /4572.jpg,0,train
non_violence /2826.jpg,0,train
violence /4509.jpg,1,train
violence /3091.jpg,1,train
violence /5755.jpg,1,train
violence /493.jpg,1,train
violence /3609.jpg,1,train
non_violence /3414.jpg,0,train
non_violence /471.jpg,0,train
non_violence /4556.jpg,0,train
non_violence /5202.jpg,0,train
non_violence /3440.jpg,0,train
non_violence /4441.jpg,0,train
non_violence /1177.jpg,0,train
violence /2645.jpg,1,train
violence /1073.jpg,1,train
violence /410.jpg,1,train
non_violence /1151.jpg,0,train
violence /1124.jpg,1,train
violence /453.jpg,1,train
non_violence /3450.jpg,0,train
non_violence /4081.jpg,0,train
violence /382.jpg,1,train
violence /5469.jpg,1,train
non_violence /2538.jpg,0,train
non_violence /727.jpg,0,train
violence /2882.jpg,1,train
violence /3085.jpg,1,train
non_violence /3266.jpg,0,train
violence /2972.jpg,1,train
non_violence /766.jpg,0,train
violence /5399.jpg,1,train
violence /2858.jpg,1,train
violence /587.jpg,1,train
non_violence /3869.jpg,0,train
non_violence /719.jpg,0,train
violence /1966.jpg,1,train
non_violence /4472.jpg,0,train
violence /2866.jpg,1,train
non_violence /1750.jpg,0,train
non_violence /4829.jpg,0,train
violence /3429.jpg,1,train
non_violence /1433.jpg,0,train
non_violence /3397.jpg,0,train
non_violence /3950.jpg,0,train
violence /3326.jpg,1,train
non_violence /2275.jpg,0,train
non_violence /5071.jpg,0,train
violence /4608.jpg,1,train
violence /194.jpg,1,train
non_violence /4409.jpg,0,train
violence /516.jpg,1,train
non_violence /573.jpg,0,train
non_violence /1524.jpg,0,train
violence /5497.jpg,1,train
non_violence /1621.jpg,0,train
non_violence /4594.jpg,0,train
violence /620.jpg,1,train
non_violence /2186.jpg,0,train
violence /3071.jpg,1,train
violence /1749.jpg,1,train
violence /5605.jpg,1,train
non_violence /4403.jpg,0,train
non_violence /4111.jpg,0,train
violence /4164.jpg,1,train
violence /1030.jpg,1,train
non_violence /1989.jpg,0,train
violence /2433.jpg,1,train
violence /3926.jpg,1,train
violence /1300.jpg,1,train
violence /997.jpg,1,train
violence /1179.jpg,1,train
violence /3797.jpg,1,train
non_violence /4366.jpg,0,train
violence /2432.jpg,1,train
non_violence /1091.jpg,0,train
violence /1246.jpg,1,train
non_violence /446.jpg,0,train
non_violence /1615.jpg,0,train
non_violence /2505.jpg,0,train
non_violence /3779.jpg,0,train
non_violence /5113.jpg,0,train
non_violence /3053.jpg,0,train
non_violence /4064.jpg,0,train
violence /5519.jpg,1,train
violence /5752.jpg,1,train
non_violence /4724.jpg,0,train
non_violence /3302.jpg,0,train
violence /1760.jpg,1,train
violence /1221.jpg,1,train
non_violence /3874.jpg,0,train
non_violence /1391.jpg,0,train
non_violence /197.jpg,0,train
non_violence /1029.jpg,0,train
violence /74.jpg,1,train
non_violence /4214.jpg,0,train
violence /5579.jpg,1,train
non_violence /4649.jpg,0,train
non_violence /2039.jpg,0,train
non_violence /2527.jpg,0,train
violence /4567.jpg,1,train
violence /3051.jpg,1,train
violence /5325.jpg,1,train
violence /5092.jpg,1,train
non_violence /4132.jpg,0,train
non_violence /3028.jpg,0,train
non_violence /3403.jpg,0,train
non_violence /3011.jpg,0,train
non_violence /2523.jpg,0,train
non_violence /1502.jpg,0,train
non_violence /1403.jpg,0,train
violence /3673.jpg,1,train
non_violence /625.jpg,0,train
violence /2375.jpg,1,train
non_violence /4559.jpg,0,train
violence /1117.jpg,1,train
non_violence /4028.jpg,0,train
non_violence /3955.jpg,0,train
violence /1916.jpg,1,train
violence /4220.jpg,1,train
non_violence /5085.jpg,0,train
non_violence /3829.jpg,0,train
non_violence /1336.jpg,0,train
non_violence /2828.jpg,0,train
violence /488.jpg,1,train
violence /2362.jpg,1,train
non_violence /3385.jpg,0,train
violence /1554.jpg,1,train
non_violence /1372.jpg,0,train
non_violence /533.jpg,0,train
non_violence /685.jpg,0,train
violence /462.jpg,1,train
non_violence /4150.jpg,0,train
violence /5016.jpg,1,train
non_violence /2995.jpg,0,train
violence /2859.jpg,1,train
violence /4001.jpg,1,train
non_violence /1092.jpg,0,train
non_violence /521.jpg,0,train
non_violence /4704.jpg,0,train
violence /4044.jpg,1,train
non_violence /2744.jpg,0,train
non_violence /1757.jpg,0,train
violence /3351.jpg,1,train
violence /3759.jpg,1,train
non_violence /5062.jpg,0,train
violence /3368.jpg,1,train
violence /940.jpg,1,train
violence /893.jpg,1,train
non_violence /3134.jpg,0,train
violence /2057.jpg,1,train
violence /4248.jpg,1,train
non_violence /3973.jpg,0,train
non_violence /1496.jpg,0,train
non_violence /597.jpg,0,train
non_violence /2059.jpg,0,train
non_violence /943.jpg,0,train
violence /4428.jpg,1,train
violence /5712.jpg,1,train
violence /547.jpg,1,train
non_violence /3709.jpg,0,train
violence /1882.jpg,1,train
non_violence /4782.jpg,0,train
violence /1784.jpg,1,train
violence /867.jpg,1,train
violence /5511.jpg,1,train
non_violence /5179.jpg,0,train
non_violence /1186.jpg,0,train
non_violence /543.jpg,0,train
violence /2293.jpg,1,train
violence /4920.jpg,1,train
non_violence /768.jpg,0,train
violence /3936.jpg,1,train
violence /3061.jpg,1,train
violence /2384.jpg,1,train
violence /4062.jpg,1,train
non_violence /1279.jpg,0,train
violence /570.jpg,1,train
violence /321.jpg,1,train
violence /298.jpg,1,train
violence /1133.jpg,1,train
violence /939.jpg,1,train
non_violence /789.jpg,0,train
non_violence /3860.jpg,0,train
non_violence /1884.jpg,0,train
non_violence /141.jpg,0,train
non_violence /3691.jpg,0,train
non_violence /4087.jpg,0,train
violence /3154.jpg,1,train
non_violence /771.jpg,0,train
non_violence /1895.jpg,0,train
non_violence /3529.jpg,0,train
non_violence /455.jpg,0,train
violence /4899.jpg,1,train
non_violence /884.jpg,0,train
non_violence /3512.jpg,0,train
violence /514.jpg,1,train
non_violence /3649.jpg,0,train
violence /2978.jpg,1,train
non_violence /2368.jpg,0,train
non_violence /2086.jpg,0,train
non_violence /3839.jpg,0,train
non_violence /3714.jpg,0,train
violence /4299.jpg,1,train
violence /1367.jpg,1,train
non_violence /2438.jpg,0,train
non_violence /2684.jpg,0,train
violence /1401.jpg,1,train
violence /1287.jpg,1,train
violence /2597.jpg,1,train
non_violence /3019.jpg,0,train
non_violence /4490.jpg,0,train
violence /1413.jpg,1,train
violence /2774.jpg,1,train
non_violence /1736.jpg,0,train
violence /4701.jpg,1,train
non_violence /4629.jpg,0,train
non_violence /1712.jpg,0,train
violence /5762.jpg,1,train
violence /1422.jpg,1,train
non_violence /4920.jpg,0,train
violence /5120.jpg,1,train
violence /1700.jpg,1,train
violence /4451.jpg,1,train
non_violence /4095.jpg,0,train
violence /5135.jpg,1,train
violence /4416.jpg,1,train
violence /596.jpg,1,train
non_violence /4030.jpg,0,train
violence /5725.jpg,1,train
violence /3354.jpg,1,train
non_violence /1324.jpg,0,train
violence /2111.jpg,1,train
non_violence /1990.jpg,0,train
violence /1194.jpg,1,train
violence /5077.jpg,1,train
non_violence /1540.jpg,0,train
non_violence /715.jpg,0,train
non_violence /4690.jpg,0,train
non_violence /2900.jpg,0,train
violence /1591.jpg,1,train
violence /4749.jpg,1,train
violence /3792.jpg,1,train
violence /4421.jpg,1,train
violence /5839.jpg,1,train
non_violence /1328.jpg,0,train
violence /326.jpg,1,train
non_violence /2292.jpg,0,train
non_violence /4772.jpg,0,train
violence /7.jpg,1,train
violence /2334.jpg,1,train
non_violence /4699.jpg,0,train
violence /1563.jpg,1,train
violence /1908.jpg,1,train
violence /4116.jpg,1,train
violence /1417.jpg,1,train
violence /1226.jpg,1,train
violence /5650.jpg,1,train
non_violence /3608.jpg,0,train
violence /626.jpg,1,train
violence /3500.jpg,1,train
non_violence /2471.jpg,0,train
violence /4922.jpg,1,train
non_violence /5226.jpg,0,train
violence /4045.jpg,1,train
violence /121.jpg,1,train
non_violence /1617.jpg,0,train
non_violence /4882.jpg,0,train
violence /4211.jpg,1,train
violence /2796.jpg,1,train
non_violence /213.jpg,0,train
non_violence /351.jpg,0,train
violence /1936.jpg,1,train
non_violence /4269.jpg,0,train
non_violence /1004.jpg,0,train
violence /4114.jpg,1,train
violence /4389.jpg,1,train
violence /1061.jpg,1,train
non_violence /4422.jpg,0,train
violence /4226.jpg,1,train
non_violence /2745.jpg,0,train
non_violence /2076.jpg,0,train
violence /2908.jpg,1,train
violence /1005.jpg,1,train
violence /2881.jpg,1,train
non_violence /3191.jpg,0,train
non_violence /1429.jpg,0,train
violence /621.jpg,1,train
violence /174.jpg,1,train
non_violence /4713.jpg,0,train
violence /3235.jpg,1,train
non_violence /2945.jpg,0,train
non_violence /4845.jpg,0,train
violence /564.jpg,1,train
non_violence /1171.jpg,0,train
violence /3328.jpg,1,train
non_violence /2014.jpg,0,train
non_violence /3794.jpg,0,train
violence /2115.jpg,1,train
violence /3870.jpg,1,train
violence /45.jpg,1,train
non_violence /1944.jpg,0,train
non_violence /4705.jpg,0,train
non_violence /4802.jpg,0,train
violence /6.jpg,1,train
violence /2935.jpg,1,train
violence /1976.jpg,1,train
violence /4388.jpg,1,train
violence /964.jpg,1,train
violence /3725.jpg,1,train
violence /3009.jpg,1,train
violence /4597.jpg,1,train
violence /1666.jpg,1,train
violence /4173.jpg,1,train
violence /4223.jpg,1,train
non_violence /3096.jpg,0,train
non_violence /2246.jpg,0,train
violence /1188.jpg,1,train
non_violence /2726.jpg,0,train
violence /5542.jpg,1,train
non_violence /493.jpg,0,train
violence /1052.jpg,1,train
non_violence /3595.jpg,0,train
non_violence /2416.jpg,0,train
violence /2944.jpg,1,train
non_violence /4378.jpg,0,train
non_violence /3240.jpg,0,train
violence /3599.jpg,1,train
violence /919.jpg,1,train
non_violence /3861.jpg,0,train
non_violence /62.jpg,0,train
violence /5289.jpg,1,train
violence /2103.jpg,1,train
violence /3855.jpg,1,train
violence /1142.jpg,1,train
violence /1239.jpg,1,train
violence /3561.jpg,1,train
non_violence /2804.jpg,0,train
non_violence /4238.jpg,0,train
violence /3359.jpg,1,train
non_violence /5003.jpg,0,train
non_violence /2640.jpg,0,train
violence /814.jpg,1,train
non_violence /201.jpg,0,train
non_violence /924.jpg,0,train
non_violence /1044.jpg,0,train
non_violence /4927.jpg,0,train
non_violence /497.jpg,0,train
violence /3261.jpg,1,train
violence /3097.jpg,1,train
non_violence /765.jpg,0,train
non_violence /660.jpg,0,train
non_violence /226.jpg,0,train
non_violence /2585.jpg,0,train
non_violence /3974.jpg,0,train
violence /2226.jpg,1,train
non_violence /969.jpg,0,train
violence /3304.jpg,1,train
non_violence /1709.jpg,0,train
violence /2438.jpg,1,train
non_violence /2248.jpg,0,train
violence /1412.jpg,1,train
violence /239.jpg,1,train
violence /4370.jpg,1,train
violence /2541.jpg,1,train
violence /4134.jpg,1,train
non_violence /1851.jpg,0,train
non_violence /333.jpg,0,train
non_violence /4562.jpg,0,train
non_violence /2664.jpg,0,train
non_violence /297.jpg,0,train
non_violence /3008.jpg,0,train
non_violence /3336.jpg,0,train
non_violence /870.jpg,0,train
non_violence /2185.jpg,0,train
non_violence /3020.jpg,0,train
violence /2056.jpg,1,train
violence /1127.jpg,1,train
violence /4419.jpg,1,train
non_violence /2486.jpg,0,train
violence /1382.jpg,1,train
violence /4459.jpg,1,train
violence /2204.jpg,1,train
non_violence /980.jpg,0,train
non_violence /612.jpg,0,train
violence /1518.jpg,1,train
violence /930.jpg,1,train
violence /2553.jpg,1,train
non_violence /4576.jpg,0,train
violence /3276.jpg,1,train
violence /1489.jpg,1,train
violence /2822.jpg,1,train
violence /3188.jpg,1,train
violence /836.jpg,1,train
violence /3115.jpg,1,train
non_violence /2624.jpg,0,train
violence /349.jpg,1,train
non_violence /856.jpg,0,train
non_violence /4803.jpg,0,train
violence /220.jpg,1,train
non_violence /3197.jpg,0,train
non_violence /3989.jpg,0,train
violence /1086.jpg,1,train
non_violence /4093.jpg,0,train
non_violence /2270.jpg,0,train
violence /4077.jpg,1,train
violence /2434.jpg,1,train
violence /4690.jpg,1,train
non_violence /632.jpg,0,train
non_violence /1896.jpg,0,train
non_violence /2182.jpg,0,train
violence /5506.jpg,1,train
violence /1767.jpg,1,train
non_violence /539.jpg,0,train
non_violence /5167.jpg,0,train
violence /5509.jpg,1,train
violence /3451.jpg,1,train
violence /343.jpg,1,train
non_violence /4543.jpg,0,train
violence /1051.jpg,1,train
non_violence /146.jpg,0,train
non_violence /1036.jpg,0,train
violence /1089.jpg,1,train
non_violence /1406.jpg,0,train
non_violence /938.jpg,0,train
non_violence /2520.jpg,0,train
non_violence /796.jpg,0,train
non_violence /2532.jpg,0,train
non_violence /1148.jpg,0,train
violence /1889.jpg,1,train
violence /4022.jpg,1,train
non_violence /3083.jpg,0,train
non_violence /1950.jpg,0,train
non_violence /586.jpg,0,train
violence /2600.jpg,1,train
non_violence /382.jpg,0,train
violence /5694.jpg,1,train
violence /3628.jpg,1,train
violence /4246.jpg,1,train
non_violence /4126.jpg,0,train
non_violence /2649.jpg,0,train
non_violence /2765.jpg,0,train
non_violence /1801.jpg,0,train
non_violence /2501.jpg,0,train
non_violence /3671.jpg,0,train
non_violence /3061.jpg,0,train
non_violence /2214.jpg,0,train
non_violence /4310.jpg,0,train
non_violence /2021.jpg,0,train
violence /1057.jpg,1,train
non_violence /3570.jpg,0,train
non_violence /2382.jpg,0,train
violence /412.jpg,1,train
violence /3208.jpg,1,train
violence /3121.jpg,1,train
non_violence /947.jpg,0,train
violence /4890.jpg,1,train
violence /3662.jpg,1,train
violence /1494.jpg,1,train
non_violence /2308.jpg,0,train
violence /5042.jpg,1,train
non_violence /445.jpg,0,train
violence /895.jpg,1,train
violence /1357.jpg,1,train
violence /4121.jpg,1,train
non_violence /4386.jpg,0,train
non_violence /5109.jpg,0,train
violence /734.jpg,1,train
non_violence /2150.jpg,0,train
violence /5448.jpg,1,train
non_violence /2928.jpg,0,train
violence /3399.jpg,1,train
violence /3728.jpg,1,train
violence /5728.jpg,1,train
violence /2508.jpg,1,train
violence /5617.jpg,1,train
non_violence /2473.jpg,0,train
violence /2815.jpg,1,train
non_violence /1079.jpg,0,train
violence /4332.jpg,1,train
violence /132.jpg,1,train
non_violence /1885.jpg,0,train
non_violence /563.jpg,0,train
violence /1687.jpg,1,train
non_violence /2498.jpg,0,train
non_violence /4212.jpg,0,train
non_violence /4811.jpg,0,train
violence /1479.jpg,1,train
violence /2370.jpg,1,train
non_violence /1760.jpg,0,train
violence /5347.jpg,1,train
violence /691.jpg,1,train
violence /80.jpg,1,train
violence /3402.jpg,1,train
violence /2981.jpg,1,train
non_violence /3110.jpg,0,train
violence /4727.jpg,1,train
violence /4199.jpg,1,train
non_violence /5156.jpg,0,train
violence /5242.jpg,1,train
violence /1775.jpg,1,train
violence /4820.jpg,1,train
non_violence /580.jpg,0,train
non_violence /5005.jpg,0,train
violence /2353.jpg,1,train
violence /2690.jpg,1,train
non_violence /4045.jpg,0,train
violence /3216.jpg,1,train
violence /3952.jpg,1,train
non_violence /1038.jpg,0,train
violence /5271.jpg,1,train
non_violence /2892.jpg,0,train
non_violence /2817.jpg,0,train
non_violence /3269.jpg,0,train
violence /3390.jpg,1,train
violence /2733.jpg,1,train
violence /4557.jpg,1,train
violence /4433.jpg,1,train
non_violence /1164.jpg,0,train
violence /5571.jpg,1,train
violence /2575.jpg,1,train
violence /2640.jpg,1,train
violence /2316.jpg,1,train
non_violence /3085.jpg,0,train
violence /3070.jpg,1,train
violence /3505.jpg,1,train
non_violence /3420.jpg,0,train
non_violence /1748.jpg,0,train
non_violence /1155.jpg,0,train
violence /385.jpg,1,train
non_violence /313.jpg,0,train
non_violence /4911.jpg,0,train
violence /2855.jpg,1,train
violence /2352.jpg,1,train
non_violence /1555.jpg,0,train
violence /3251.jpg,1,train
non_violence /2896.jpg,0,train
non_violence /253.jpg,0,train
non_violence /3930.jpg,0,train
violence /2117.jpg,1,train
violence /3287.jpg,1,train
violence /4547.jpg,1,train
non_violence /1317.jpg,0,train
violence /891.jpg,1,train
non_violence /1777.jpg,0,train
violence /473.jpg,1,train
non_violence /3738.jpg,0,train
violence /3522.jpg,1,train
violence /2442.jpg,1,train
violence /3742.jpg,1,train
non_violence /564.jpg,0,train
non_violence /1899.jpg,0,train
violence /4152.jpg,1,train
violence /3452.jpg,1,train
violence /2018.jpg,1,train
non_violence /2392.jpg,0,train
non_violence /1258.jpg,0,train
non_violence /239.jpg,0,train
violence /2320.jpg,1,train
violence /398.jpg,1,train
violence /1894.jpg,1,train
violence /4600.jpg,1,train
non_violence /3153.jpg,0,train
violence /4234.jpg,1,train
non_violence /892.jpg,0,train
violence /2195.jpg,1,train
non_violence /4207.jpg,0,train
non_violence /4183.jpg,0,train
violence /5463.jpg,1,train
violence /3419.jpg,1,train
non_violence /756.jpg,0,train
violence /4256.jpg,1,train
non_violence /2006.jpg,0,train
non_violence /1926.jpg,0,train
violence /1693.jpg,1,train
non_violence /1266.jpg,0,train
violence /4931.jpg,1,train
violence /5473.jpg,1,train
violence /5708.jpg,1,train
non_violence /2223.jpg,0,train
violence /5546.jpg,1,train
non_violence /3243.jpg,0,train
violence /122.jpg,1,train
violence /407.jpg,1,train
non_violence /3868.jpg,0,train
non_violence /3648.jpg,0,train
non_violence /1237.jpg,0,train
non_violence /1140.jpg,0,train
violence /425.jpg,1,train
non_violence /1734.jpg,0,train
non_violence /290.jpg,0,train
violence /2835.jpg,1,train
violence /5057.jpg,1,train
violence /327.jpg,1,train
non_violence /1548.jpg,0,train
violence /5394.jpg,1,train
non_violence /831.jpg,0,train
violence /3346.jpg,1,train
violence /5461.jpg,1,train
non_violence /3679.jpg,0,train
non_violence /1425.jpg,0,train
non_violence /785.jpg,0,train
violence /4000.jpg,1,train
non_violence /2742.jpg,0,train
violence /1723.jpg,1,train
violence /4477.jpg,1,train
violence /4378.jpg,1,train
non_violence /3286.jpg,0,train
violence /826.jpg,1,train
violence /1019.jpg,1,train
violence /5315.jpg,1,train
violence /2156.jpg,1,train
violence /2969.jpg,1,train
violence /4921.jpg,1,train
non_violence /4079.jpg,0,train
violence /1833.jpg,1,train
non_violence /1747.jpg,0,train
violence /5556.jpg,1,train
violence /703.jpg,1,train
violence /441.jpg,1,train
violence /843.jpg,1,train
violence /715.jpg,1,train
violence /377.jpg,1,train
violence /1624.jpg,1,train
non_violence /542.jpg,0,train
non_violence /721.jpg,0,train
violence /5554.jpg,1,train
non_violence /4728.jpg,0,train
non_violence /4369.jpg,0,train
violence /872.jpg,1,train
violence /3356.jpg,1,train
violence /2615.jpg,1,train
non_violence /232.jpg,0,train
violence /2722.jpg,1,train
non_violence /1702.jpg,0,train
violence /4287.jpg,1,train
violence /4956.jpg,1,train
non_violence /5036.jpg,0,train
non_violence /2352.jpg,0,train
non_violence /2152.jpg,0,train
violence /3431.jpg,1,train
violence /3815.jpg,1,train
non_violence /1883.jpg,0,train
violence /2629.jpg,1,train
non_violence /3599.jpg,0,train
non_violence /2589.jpg,0,train
violence /5154.jpg,1,train
non_violence /1315.jpg,0,train
violence /5588.jpg,1,train
violence /4339.jpg,1,train
violence /4992.jpg,1,train
non_violence /713.jpg,0,train
non_violence /2433.jpg,0,train
non_violence /2070.jpg,0,train
violence /3033.jpg,1,train
violence /4967.jpg,1,train
non_violence /2699.jpg,0,train
violence /5137.jpg,1,train
non_violence /2901.jpg,0,train
non_violence /4129.jpg,0,train
non_violence /4250.jpg,0,train
violence /2836.jpg,1,train
non_violence /4537.jpg,0,train
violence /223.jpg,1,train
violence /26.jpg,1,train
non_violence /3275.jpg,0,train
violence /5615.jpg,1,train
violence /4683.jpg,1,train
non_violence /4792.jpg,0,train
non_violence /1820.jpg,0,train
non_violence /1624.jpg,0,train
non_violence /4571.jpg,0,train
violence /4536.jpg,1,train
violence /1369.jpg,1,train
violence /2021.jpg,1,train
non_violence /2115.jpg,0,train
non_violence /3226.jpg,0,train
violence /3230.jpg,1,train
violence /5508.jpg,1,train
violence /70.jpg,1,train
non_violence /4509.jpg,0,train
non_violence /2463.jpg,0,train
non_violence /3009.jpg,0,train
violence /3486.jpg,1,train
violence /5524.jpg,1,train
violence /707.jpg,1,train
non_violence /149.jpg,0,train
violence /1851.jpg,1,train
violence /5121.jpg,1,train
non_violence /1190.jpg,0,train
non_violence /312.jpg,0,train
non_violence /388.jpg,0,train
non_violence /1505.jpg,0,train
violence /246.jpg,1,train
non_violence /4322.jpg,0,train
non_violence /3729.jpg,0,train
non_violence /2314.jpg,0,train
violence /5759.jpg,1,train
non_violence /3906.jpg,0,train
non_violence /981.jpg,0,train
violence /1890.jpg,1,train
non_violence /2195.jpg,0,train
violence /4151.jpg,1,train
violence /460.jpg,1,train
violence /741.jpg,1,train
violence /4971.jpg,1,train
non_violence /1689.jpg,0,train
violence /1867.jpg,1,train
violence /1042.jpg,1,train
violence /5551.jpg,1,train
non_violence /2993.jpg,0,train
violence /2294.jpg,1,train
violence /4979.jpg,1,train
non_violence /4993.jpg,0,train
non_violence /1738.jpg,0,train
violence /3932.jpg,1,train
violence /1868.jpg,1,train
violence /3024.jpg,1,train
non_violence /3189.jpg,0,train
non_violence /1453.jpg,0,train
violence /1271.jpg,1,train
violence /5291.jpg,1,train
violence /4754.jpg,1,train
violence /619.jpg,1,train
non_violence /4535.jpg,0,train
non_violence /2099.jpg,0,train
violence /4816.jpg,1,train
non_violence /1846.jpg,0,train
violence /3090.jpg,1,train
non_violence /4974.jpg,0,train
non_violence /1652.jpg,0,train
violence /2053.jpg,1,train
violence /428.jpg,1,train
non_violence /3254.jpg,0,train
non_violence /3150.jpg,0,train
non_violence /425.jpg,0,train
violence /3084.jpg,1,train
non_violence /1102.jpg,0,train
non_violence /1061.jpg,0,train
violence /3993.jpg,1,train
violence /4880.jpg,1,train
violence /2010.jpg,1,train
violence /2143.jpg,1,train
violence /2525.jpg,1,train
violence /4833.jpg,1,train
non_violence /2163.jpg,0,train
non_violence /4585.jpg,0,train
violence /5577.jpg,1,train
violence /2327.jpg,1,train
non_violence /2477.jpg,0,train
non_violence /2729.jpg,0,train
violence /2049.jpg,1,train
violence /1056.jpg,1,train
violence /5573.jpg,1,train
non_violence /1200.jpg,0,train
violence /252.jpg,1,train
violence /180.jpg,1,train
violence /928.jpg,1,train
non_violence /4209.jpg,0,train
violence /444.jpg,1,train
non_violence /3577.jpg,0,train
non_violence /958.jpg,0,train
non_violence /179.jpg,0,train
non_violence /899.jpg,0,train
violence /1521.jpg,1,train
non_violence /1299.jpg,0,train
violence /1269.jpg,1,train
non_violence /2300.jpg,0,train
non_violence /711.jpg,0,train
non_violence /4742.jpg,0,train
non_violence /3237.jpg,0,train
non_violence /477.jpg,0,train
violence /5225.jpg,1,train
non_violence /193.jpg,0,train
violence /2952.jpg,1,train
non_violence /3332.jpg,0,train
violence /5416.jpg,1,train
non_violence /2824.jpg,0,train
violence /3740.jpg,1,train
violence /1095.jpg,1,train
violence /2905.jpg,1,train
non_violence /2709.jpg,0,train
violence /2402.jpg,1,train
violence /1581.jpg,1,train
violence /743.jpg,1,train
non_violence /3418.jpg,0,train
non_violence /4070.jpg,0,train
violence /2902.jpg,1,train
violence /3324.jpg,1,train
violence /5156.jpg,1,train
non_violence /2235.jpg,0,train
violence /1558.jpg,1,train
violence /4839.jpg,1,train
non_violence /4541.jpg,0,train
violence /686.jpg,1,train
non_violence /4259.jpg,0,train
non_violence /1381.jpg,0,train
non_violence /3533.jpg,0,train
non_violence /46.jpg,0,train
violence /3752.jpg,1,train
violence /1082.jpg,1,train
non_violence /1742.jpg,0,train
non_violence /109.jpg,0,train
violence /1707.jpg,1,train
non_violence /4663.jpg,0,train
violence /3337.jpg,1,train
non_violence /4900.jpg,0,train
non_violence /615.jpg,0,train
violence /3863.jpg,1,train
violence /4730.jpg,1,train
violence /864.jpg,1,train
violence /3219.jpg,1,train
non_violence /82.jpg,0,train
violence /3062.jpg,1,train
violence /5080.jpg,1,train
violence /4308.jpg,1,train
non_violence /4057.jpg,0,train
non_violence /2105.jpg,0,train
violence /3515.jpg,1,train
non_violence /4216.jpg,0,train
non_violence /4729.jpg,0,train
violence /1461.jpg,1,train
violence /1977.jpg,1,train
non_violence /1937.jpg,0,train
violence /5732.jpg,1,train
violence /636.jpg,1,train
non_violence /1264.jpg,0,train
non_violence /165.jpg,0,train
violence /384.jpg,1,train
violence /4645.jpg,1,train
violence /586.jpg,1,train
violence /4599.jpg,1,train
violence /924.jpg,1,train
violence /4005.jpg,1,train
non_violence /3675.jpg,0,train
violence /3813.jpg,1,train
violence /379.jpg,1,train
violence /4849.jpg,1,train
violence /3449.jpg,1,train
violence /2986.jpg,1,train
non_violence /757.jpg,0,train
non_violence /3940.jpg,0,train
non_violence /2365.jpg,0,train
violence /727.jpg,1,train
non_violence /415.jpg,0,train
non_violence /1149.jpg,0,train
non_violence /1661.jpg,0,train
non_violence /1156.jpg,0,train
violence /4843.jpg,1,train
violence /1579.jpg,1,train
non_violence /2264.jpg,0,train
non_violence /3743.jpg,0,train
violence /4294.jpg,1,train
non_violence /1667.jpg,0,train
non_violence /4233.jpg,0,train
non_violence /916.jpg,0,train
non_violence /4458.jpg,0,train
non_violence /1574.jpg,0,train
non_violence /2667.jpg,0,train
violence /4413.jpg,1,train
violence /2746.jpg,1,train
non_violence /4404.jpg,0,train
non_violence /1512.jpg,0,train
violence /3151.jpg,1,train
violence /5701.jpg,1,train
non_violence /3292.jpg,0,train
violence /2276.jpg,1,train
violence /2494.jpg,1,train
non_violence /1658.jpg,0,train
non_violence /4479.jpg,0,train
violence /4267.jpg,1,train
violence /4588.jpg,1,train
violence /2707.jpg,1,train
violence /4678.jpg,1,train
non_violence /3770.jpg,0,train
non_violence /331.jpg,0,train
non_violence /4053.jpg,0,train
non_violence /4544.jpg,0,train
non_violence /1726.jpg,0,train
violence /625.jpg,1,train
violence /1782.jpg,1,train
violence /3309.jpg,1,train
violence /4746.jpg,1,train
non_violence /5162.jpg,0,train
non_violence /675.jpg,0,train
violence /433.jpg,1,train
violence /3808.jpg,1,train
violence /1447.jpg,1,train
non_violence /2716.jpg,0,train
violence /4844.jpg,1,train
violence /1431.jpg,1,train
violence /2280.jpg,1,train
non_violence /4192.jpg,0,train
non_violence /4697.jpg,0,train
violence /3265.jpg,1,train
non_violence /2670.jpg,0,train
non_violence /1132.jpg,0,train
violence /5411.jpg,1,train
non_violence /1693.jpg,0,train
violence /3547.jpg,1,train
non_violence /1154.jpg,0,train
violence /5049.jpg,1,train
violence /1144.jpg,1,train
non_violence /5054.jpg,0,train
non_violence /714.jpg,0,train
violence /3021.jpg,1,train
violence /125.jpg,1,train
violence /320.jpg,1,train
violence /2613.jpg,1,train
non_violence /4809.jpg,0,train
non_violence /4372.jpg,0,train
non_violence /4815.jpg,0,train
non_violence /3196.jpg,0,train
non_violence /786.jpg,0,train
violence /5534.jpg,1,train
violence /960.jpg,1,train
non_violence /1860.jpg,0,train
violence /1938.jpg,1,train
non_violence /1685.jpg,0,train
non_violence /113.jpg,0,train
violence /1922.jpg,1,train
violence /2725.jpg,1,train
non_violence /2217.jpg,0,train
non_violence /1962.jpg,0,train
non_violence /1735.jpg,0,train
violence /1491.jpg,1,train
violence /1601.jpg,1,train
non_violence /4942.jpg,0,train
violence /5033.jpg,1,train
violence /2006.jpg,1,train
violence /4892.jpg,1,train
violence /851.jpg,1,train
violence /182.jpg,1,train
non_violence /2439.jpg,0,train
violence /287.jpg,1,train
violence /3405.jpg,1,train
non_violence /4913.jpg,0,train
violence /3577.jpg,1,train
violence /4743.jpg,1,train
violence /3376.jpg,1,train
violence /3193.jpg,1,train
non_violence /689.jpg,0,train
non_violence /1202.jpg,0,train
violence /3757.jpg,1,train
non_violence /1632.jpg,0,train
violence /4283.jpg,1,train
violence /4357.jpg,1,train
non_violence /3878.jpg,0,train
violence /3461.jpg,1,train
violence /5260.jpg,1,train
non_violence /3186.jpg,0,train
non_violence /1035.jpg,0,train
non_violence /3647.jpg,0,train
violence /5484.jpg,1,train
non_violence /1435.jpg,0,train
non_violence /338.jpg,0,train
violence /788.jpg,1,train
non_violence /1443.jpg,0,train
non_violence /1267.jpg,0,train
non_violence /4542.jpg,0,train
non_violence /3787.jpg,0,train
violence /2973.jpg,1,train
non_violence /1692.jpg,0,train
violence /2206.jpg,1,train
non_violence /2015.jpg,0,train
violence /3650.jpg,1,train
non_violence /1725.jpg,0,train
non_violence /355.jpg,0,train
non_violence /2454.jpg,0,train
non_violence /2909.jpg,0,train
non_violence /4176.jpg,0,train
violence /3578.jpg,1,train
violence /1276.jpg,1,train
non_violence /11.jpg,0,train
non_violence /2620.jpg,0,train
non_violence /2313.jpg,0,train
non_violence /143.jpg,0,train
non_violence /1698.jpg,0,train
non_violence /4638.jpg,0,train
non_violence /5100.jpg,0,train
non_violence /1295.jpg,0,train
violence /2991.jpg,1,train
violence /1000.jpg,1,train
non_violence /3380.jpg,0,train
non_violence /4134.jpg,0,train
non_violence /2575.jpg,0,train
non_violence /4786.jpg,0,train
violence /3590.jpg,1,train
non_violence /1814.jpg,0,train
non_violence /2788.jpg,0,train
violence /1.jpg,1,train
non_violence /1388.jpg,0,train
violence /5270.jpg,1,train
violence /1363.jpg,1,train
violence /1657.jpg,1,train
non_violence /4569.jpg,0,train
violence /1848.jpg,1,train
non_violence /4903.jpg,0,train
violence /2736.jpg,1,train
violence /4711.jpg,1,train
violence /2670.jpg,1,train
non_violence /3506.jpg,0,train
non_violence /2108.jpg,0,train
violence /546.jpg,1,train
non_violence /58.jpg,0,train
violence /1642.jpg,1,train
violence /1568.jpg,1,train
violence /948.jpg,1,train
non_violence /3637.jpg,0,train
non_violence /1128.jpg,0,train
violence /722.jpg,1,train
violence /3611.jpg,1,train
violence /984.jpg,1,train
non_violence /666.jpg,0,train
violence /535.jpg,1,train
non_violence /2415.jpg,0,train
violence /4139.jpg,1,train
violence /5522.jpg,1,train
violence /3037.jpg,1,train
non_violence /4888.jpg,0,train
violence /4753.jpg,1,train
non_violence /4830.jpg,0,train
non_violence /2723.jpg,0,train
non_violence /3054.jpg,0,train
violence /1169.jpg,1,train
non_violence /4346.jpg,0,train
non_violence /373.jpg,0,train
violence /53.jpg,1,train
violence /583.jpg,1,train
non_violence /254.jpg,0,train
non_violence /185.jpg,0,train
violence /1333.jpg,1,train
violence /2121.jpg,1,train
non_violence /3773.jpg,0,train
violence /2649.jpg,1,train
violence /2584.jpg,1,train
violence /4314.jpg,1,train
violence /85.jpg,1,train
non_violence /1146.jpg,0,train
violence /5353.jpg,1,train
non_violence /4314.jpg,0,train
non_violence /1991.jpg,0,train
violence /228.jpg,1,train
violence /1083.jpg,1,train
violence /5249.jpg,1,train
non_violence /3538.jpg,0,train
violence /4137.jpg,1,train
violence /1636.jpg,1,train
non_violence /2513.jpg,0,train
non_violence /4641.jpg,0,train
violence /2569.jpg,1,train
non_violence /298.jpg,0,train
violence /3508.jpg,1,train
violence /5456.jpg,1,train
violence /2448.jpg,1,train
non_violence /1494.jpg,0,train
non_violence /5055.jpg,0,train
violence /610.jpg,1,train
violence /567.jpg,1,train
non_violence /4773.jpg,0,train
non_violence /3046.jpg,0,train
violence /3957.jpg,1,train
violence /2751.jpg,1,train
violence /2409.jpg,1,train
violence /888.jpg,1,train
violence /1755.jpg,1,train
violence /3029.jpg,1,train
violence /4627.jpg,1,train
non_violence /2851.jpg,0,train
non_violence /5153.jpg,0,train
non_violence /1818.jpg,0,train
non_violence /305.jpg,0,train
violence /3950.jpg,1,train
non_violence /788.jpg,0,train
violence /2423.jpg,1,train
violence /887.jpg,1,train
violence /3001.jpg,1,train
non_violence /4186.jpg,0,train
violence /1929.jpg,1,train
violence /2583.jpg,1,train
violence /3998.jpg,1,train
non_violence /2102.jpg,0,train
violence /2468.jpg,1,train
non_violence /4693.jpg,0,train
violence /5414.jpg,1,train
non_violence /2591.jpg,0,train
non_violence /3037.jpg,0,train
non_violence /3065.jpg,0,train
violence /5067.jpg,1,train
violence /1630.jpg,1,train
non_violence /855.jpg,0,train
violence /3.jpg,1,train
violence /3931.jpg,1,train
non_violence /4405.jpg,0,train
non_violence /3073.jpg,0,train
violence /2955.jpg,1,train
non_violence /1012.jpg,0,train
non_violence /2354.jpg,0,train
violence /443.jpg,1,train
violence /4815.jpg,1,train
violence /499.jpg,1,train
violence /1146.jpg,1,train
violence /2287.jpg,1,train
violence /5698.jpg,1,train
violence /4562.jpg,1,train
violence /3782.jpg,1,train
non_violence /2759.jpg,0,train
non_violence /1333.jpg,0,train
violence /5496.jpg,1,train
non_violence /2686.jpg,0,train
non_violence /2880.jpg,0,train
non_violence /4260.jpg,0,train
violence /2470.jpg,1,train
violence /2490.jpg,1,train
non_violence /2049.jpg,0,train
violence /3463.jpg,1,train
violence /2946.jpg,1,train
non_violence /67.jpg,0,train
violence /5305.jpg,1,train
violence /4875.jpg,1,train
non_violence /1083.jpg,0,train
non_violence /2053.jpg,0,train
violence /1747.jpg,1,train
violence /3753.jpg,1,train
non_violence /4410.jpg,0,train
violence /232.jpg,1,train
violence /649.jpg,1,train
violence /4709.jpg,1,train
non_violence /2078.jpg,0,train
non_violence /4130.jpg,0,train
violence /5364.jpg,1,train
violence /4818.jpg,1,train
violence /1999.jpg,1,train
violence /5383.jpg,1,train
violence /1176.jpg,1,train
non_violence /23.jpg,0,train
non_violence /4816.jpg,0,train
violence /1512.jpg,1,train
non_violence /2398.jpg,0,train
violence /3761.jpg,1,train
violence /2617.jpg,1,train
violence /2693.jpg,1,train
violence /2058.jpg,1,train
violence /1530.jpg,1,train
violence /1157.jpg,1,train
violence /1012.jpg,1,train
violence /681.jpg,1,train
violence /3580.jpg,1,train
non_violence /3621.jpg,0,train
violence /4705.jpg,1,train
non_violence /4906.jpg,0,train
violence /1515.jpg,1,train
violence /1972.jpg,1,train
violence /3923.jpg,1,train
non_violence /1706.jpg,0,train
non_violence /579.jpg,0,train
non_violence /244.jpg,0,train
non_violence /2200.jpg,0,train
non_violence /2221.jpg,0,train
violence /1047.jpg,1,train
violence /4619.jpg,1,train
non_violence /140.jpg,0,train
violence /1583.jpg,1,train
non_violence /3606.jpg,0,train
non_violence /672.jpg,0,train
violence /2214.jpg,1,train
violence /2166.jpg,1,train
violence /5301.jpg,1,train
violence /5261.jpg,1,train
non_violence /1493.jpg,0,train
violence /5808.jpg,1,train
non_violence /359.jpg,0,train
non_violence /512.jpg,0,train
violence /219.jpg,1,train
non_violence /4480.jpg,0,train
violence /774.jpg,1,train
violence /3391.jpg,1,train
violence /5549.jpg,1,train
non_violence /844.jpg,0,train
non_violence /614.jpg,0,train
non_violence /4647.jpg,0,train
violence /77.jpg,1,train
violence /3665.jpg,1,train
non_violence /3056.jpg,0,train
violence /4780.jpg,1,train
non_violence /2303.jpg,0,train
non_violence /1774.jpg,0,train
non_violence /4149.jpg,0,train
violence /3714.jpg,1,train
violence /1448.jpg,1,train
violence /2503.jpg,1,train
violence /4573.jpg,1,train
non_violence /1342.jpg,0,train
non_violence /1147.jpg,0,train
non_violence /1806.jpg,0,train
violence /1033.jpg,1,train
non_violence /2962.jpg,0,train
violence /4496.jpg,1,train
non_violence /1945.jpg,0,train
non_violence /3199.jpg,0,train
violence /107.jpg,1,train
violence /5757.jpg,1,train
non_violence /791.jpg,0,train
non_violence /5067.jpg,0,train
violence /2427.jpg,1,train
non_violence /5117.jpg,0,train
violence /4822.jpg,1,train
violence /908.jpg,1,train
non_violence /79.jpg,0,train
non_violence /1444.jpg,0,train
violence /1383.jpg,1,train
violence /2924.jpg,1,train
violence /1087.jpg,1,train
non_violence /2931.jpg,0,train
violence /1895.jpg,1,train
non_violence /4141.jpg,0,train
non_violence /2461.jpg,0,train
non_violence /4935.jpg,0,train
non_violence /5199.jpg,0,train
non_violence /374.jpg,0,train
non_violence /4593.jpg,0,train
non_violence /1251.jpg,0,train
violence /1670.jpg,1,train
non_violence /1150.jpg,0,train
non_violence /4003.jpg,0,train
non_violence /1918.jpg,0,train
violence /4016.jpg,1,train
non_violence /2323.jpg,0,train
non_violence /1903.jpg,0,train
non_violence /2172.jpg,0,train
violence /2614.jpg,1,train
non_violence /5180.jpg,0,train
violence /3316.jpg,1,train
non_violence /2008.jpg,0,train
violence /4976.jpg,1,train
violence /574.jpg,1,train
violence /3997.jpg,1,train
violence /921.jpg,1,train
violence /868.jpg,1,train
violence /2273.jpg,1,train
violence /4011.jpg,1,train
non_violence /2775.jpg,0,train
violence /5527.jpg,1,train
violence /2628.jpg,1,train
violence /785.jpg,1,train
violence /5462.jpg,1,train
non_violence /2749.jpg,0,train
non_violence /3551.jpg,0,train
non_violence /2565.jpg,0,train
non_violence /3099.jpg,0,train
non_violence /829.jpg,0,train
non_violence /843.jpg,0,train
violence /705.jpg,1,train
non_violence /957.jpg,0,train
violence /3127.jpg,1,train
violence /713.jpg,1,train
violence /2923.jpg,1,train
violence /2900.jpg,1,train
violence /442.jpg,1,train
non_violence /1629.jpg,0,train
non_violence /4899.jpg,0,train
non_violence /2389.jpg,0,train
violence /277.jpg,1,train
non_violence /3093.jpg,0,train
non_violence /1550.jpg,0,train
non_violence /1119.jpg,0,train
non_violence /2850.jpg,0,train
violence /5796.jpg,1,train
non_violence /3256.jpg,0,train
non_violence /5050.jpg,0,train
violence /3440.jpg,1,train
violence /5293.jpg,1,train
violence /4398.jpg,1,train
violence /1121.jpg,1,train
non_violence /1792.jpg,0,train
violence /446.jpg,1,train
violence /3637.jpg,1,train
non_violence /2319.jpg,0,train
violence /3464.jpg,1,train
non_violence /2488.jpg,0,train
non_violence /1224.jpg,0,train
violence /4322.jpg,1,train
non_violence /2197.jpg,0,train
violence /1931.jpg,1,train
violence /894.jpg,1,train
violence /3012.jpg,1,train
violence /3961.jpg,1,train
violence /5642.jpg,1,train
violence /1145.jpg,1,train
violence /3619.jpg,1,train
violence /3749.jpg,1,train
non_violence /5023.jpg,0,train
non_violence /2427.jpg,0,train
violence /542.jpg,1,train
non_violence /1414.jpg,0,train
violence /4783.jpg,1,train
non_violence /1097.jpg,0,train
violence /485.jpg,1,train
non_violence /1865.jpg,0,train
non_violence /2571.jpg,0,train
non_violence /1974.jpg,0,train
violence /3562.jpg,1,train
violence /290.jpg,1,train
non_violence /3962.jpg,0,train
non_violence /117.jpg,0,train
non_violence /3308.jpg,0,train
non_violence /3645.jpg,0,train
violence /1751.jpg,1,train
violence /5298.jpg,1,train
violence /3136.jpg,1,train
non_violence /4747.jpg,0,train
violence /1425.jpg,1,train
violence /5575.jpg,1,train
non_violence /1356.jpg,0,train
violence /3655.jpg,1,train
violence /1495.jpg,1,train
violence /721.jpg,1,train
violence /4259.jpg,1,train
violence /4775.jpg,1,train
non_violence /4793.jpg,0,train
non_violence /3855.jpg,0,train
non_violence /3386.jpg,0,train
violence /905.jpg,1,train
violence /2516.jpg,1,train
non_violence /2277.jpg,0,train
violence /5263.jpg,1,train
non_violence /3325.jpg,0,train
violence /2545.jpg,1,train
violence /1304.jpg,1,train
violence /2220.jpg,1,train
non_violence /1649.jpg,0,train
violence /396.jpg,1,train
non_violence /890.jpg,0,train
violence /4840.jpg,1,train
non_violence /5216.jpg,0,train
violence /5502.jpg,1,train
non_violence /3741.jpg,0,train
non_violence /4965.jpg,0,train
violence /5009.jpg,1,train
non_violence /2441.jpg,0,train
violence /336.jpg,1,train
non_violence /623.jpg,0,train
violence /3565.jpg,1,train
violence /2047.jpg,1,train
non_violence /2681.jpg,0,train
non_violence /4154.jpg,0,train
violence /729.jpg,1,train
non_violence /160.jpg,0,train
non_violence /2252.jpg,0,train
violence /5655.jpg,1,train
non_violence /3259.jpg,0,train
non_violence /5194.jpg,0,train
violence /4076.jpg,1,train
violence /2164.jpg,1,train
violence /801.jpg,1,train
violence /4519.jpg,1,train
violence /1986.jpg,1,train
non_violence /3195.jpg,0,train
non_violence /3591.jpg,0,train
non_violence /4073.jpg,0,train
violence /4628.jpg,1,train
violence /2137.jpg,1,train
non_violence /1841.jpg,0,train
violence /3339.jpg,1,train
non_violence /1350.jpg,0,train
non_violence /1281.jpg,0,train
violence /1505.jpg,1,train
violence /3467.jpg,1,train
non_violence /5051.jpg,0,train
violence /5818.jpg,1,train
non_violence /4381.jpg,0,train
non_violence /4511.jpg,0,train
non_violence /2746.jpg,0,train
non_violence /1929.jpg,0,train
violence /2537.jpg,1,train
violence /2421.jpg,1,train
non_violence /2448.jpg,0,train
violence /4942.jpg,1,train
non_violence /3288.jpg,0,train
non_violence /1050.jpg,0,train
non_violence /4023.jpg,0,train
violence /4328.jpg,1,train
non_violence /1484.jpg,0,train
non_violence /2862.jpg,0,train
non_violence /4669.jpg,0,train
violence /2271.jpg,1,train
violence /4293.jpg,1,train
violence /2646.jpg,1,train
non_violence /2531.jpg,0,train
non_violence /2434.jpg,0,train
violence /81.jpg,1,train
violence /745.jpg,1,train
non_violence /2385.jpg,0,train
non_violence /895.jpg,0,train
non_violence /1839.jpg,0,train
violence /2604.jpg,1,train
violence /2392.jpg,1,train
non_violence /2891.jpg,0,train
non_violence /2033.jpg,0,train
violence /2077.jpg,1,train
violence /675.jpg,1,train
violence /3426.jpg,1,train
non_violence /1134.jpg,0,train
non_violence /1165.jpg,0,train
non_violence /4485.jpg,0,train
violence /1160.jpg,1,train
violence /1901.jpg,1,train
violence /1604.jpg,1,train
violence /4894.jpg,1,train
non_violence /5001.jpg,0,train
violence /3977.jpg,1,train
violence /4851.jpg,1,train
violence /1914.jpg,1,train
non_violence /5173.jpg,0,train
non_violence /2864.jpg,0,train
non_violence /2360.jpg,0,train
violence /1627.jpg,1,train
violence /1871.jpg,1,train
violence /4707.jpg,1,train
violence /4017.jpg,1,train
non_violence /3103.jpg,0,train
non_violence /601.jpg,0,train
non_violence /4783.jpg,0,train
violence /451.jpg,1,train
violence /3056.jpg,1,train
violence /3713.jpg,1,train
violence /2106.jpg,1,train
violence /5824.jpg,1,train
non_violence /130.jpg,0,train
violence /2159.jpg,1,train
non_violence /1460.jpg,0,train
non_violence /4941.jpg,0,train
non_violence /1194.jpg,0,train
non_violence /1359.jpg,0,train
violence /1737.jpg,1,train
violence /952.jpg,1,train
violence /1992.jpg,1,train
violence /3470.jpg,1,train
violence /4877.jpg,1,train
violence /2520.jpg,1,train
non_violence /14.jpg,0,train
non_violence /2190.jpg,0,train
violence /4505.jpg,1,train
non_violence /4235.jpg,0,train
violence /2598.jpg,1,train
violence /5370.jpg,1,train
violence /4982.jpg,1,train
non_violence /3991.jpg,0,train
violence /855.jpg,1,train
violence /1932.jpg,1,train
violence /3908.jpg,1,train
violence /2457.jpg,1,train
violence /2035.jpg,1,train
violence /4231.jpg,1,train
violence /3134.jpg,1,train
non_violence /184.jpg,0,train
non_violence /352.jpg,0,train
violence /4935.jpg,1,train
non_violence /2309.jpg,0,train
non_violence /1585.jpg,0,train
non_violence /5143.jpg,0,train
violence /2400.jpg,1,train
non_violence /4042.jpg,0,train
violence /4029.jpg,1,train
violence /3814.jpg,1,train
violence /2236.jpg,1,train
non_violence /2890.jpg,0,train
non_violence /4721.jpg,0,train
violence /4729.jpg,1,train
non_violence /869.jpg,0,train
violence /3996.jpg,1,train
non_violence /4901.jpg,0,train
violence /3671.jpg,1,train
violence /5707.jpg,1,train
violence /4975.jpg,1,train
violence /4018.jpg,1,train
non_violence /3475.jpg,0,train
non_violence /634.jpg,0,train
non_violence /1528.jpg,0,train
non_violence /2594.jpg,0,train
non_violence /5149.jpg,0,train
violence /4762.jpg,1,train
violence /1343.jpg,1,train
non_violence /2577.jpg,0,train
violence /4095.jpg,1,train
non_violence /5028.jpg,0,train
non_violence /4453.jpg,0,train
non_violence /2408.jpg,0,train
violence /3787.jpg,1,train
violence /4534.jpg,1,train
non_violence /900.jpg,0,train
violence /3460.jpg,1,train
violence /1275.jpg,1,train
violence /4417.jpg,1,train
violence /5454.jpg,1,train
violence /3702.jpg,1,train
violence /3201.jpg,1,train
non_violence /4184.jpg,0,train
non_violence /3865.jpg,0,train
non_violence /4274.jpg,0,train
violence /4184.jpg,1,train
violence /4618.jpg,1,train
violence /2718.jpg,1,train
violence /5763.jpg,1,train
non_violence /913.jpg,0,train
non_violence /275.jpg,0,train
violence /4399.jpg,1,train
violence /5447.jpg,1,train
non_violence /2156.jpg,0,train
non_violence /1326.jpg,0,train
violence /5074.jpg,1,train
violence /1402.jpg,1,train
non_violence /3802.jpg,0,train
non_violence /1218.jpg,0,train
non_violence /1501.jpg,0,train
violence /211.jpg,1,train
violence /5586.jpg,1,train
violence /5373.jpg,1,train
non_violence /189.jpg,0,train
non_violence /2643.jpg,0,train
non_violence /4462.jpg,0,train
violence /2551.jpg,1,train
non_violence /961.jpg,0,train
non_violence /891.jpg,0,train
violence /5741.jpg,1,train
non_violence /4917.jpg,0,train
violence /5716.jpg,1,train
violence /94.jpg,1,train
non_violence /3245.jpg,0,train
non_violence /1310.jpg,0,train
non_violence /4340.jpg,0,train
violence /992.jpg,1,train
violence /1460.jpg,1,train
violence /411.jpg,1,train
violence /1903.jpg,1,train
violence /383.jpg,1,train
non_violence /2380.jpg,0,train
violence /5722.jpg,1,train
violence /3413.jpg,1,train
non_violence /431.jpg,0,train
violence /987.jpg,1,train
violence /1839.jpg,1,train
non_violence /5045.jpg,0,train
violence /973.jpg,1,train
violence /5784.jpg,1,train
non_violence /2818.jpg,0,train
violence /3741.jpg,1,train
non_violence /1666.jpg,0,train
violence /555.jpg,1,train
non_violence /1462.jpg,0,train
non_violence /4225.jpg,0,train
violence /4745.jpg,1,train
non_violence /4493.jpg,0,train
non_violence /1592.jpg,0,train
non_violence /3400.jpg,0,train
non_violence /148.jpg,0,train
violence /158.jpg,1,train
violence /3880.jpg,1,train
non_violence /2904.jpg,0,train
violence /4768.jpg,1,train
violence /3498.jpg,1,train
violence /3340.jpg,1,train
violence /1118.jpg,1,train
violence /1837.jpg,1,train
violence /5595.jpg,1,train
non_violence /1307.jpg,0,train
non_violence /2428.jpg,0,train
violence /758.jpg,1,train
non_violence /863.jpg,0,train
violence /2289.jpg,1,train
violence /4263.jpg,1,train
non_violence /738.jpg,0,train
violence /2620.jpg,1,train
non_violence /72.jpg,0,train
violence /153.jpg,1,train
violence /5479.jpg,1,train
non_violence /4391.jpg,0,train
non_violence /4228.jpg,0,train
non_violence /4885.jpg,0,train
violence /212.jpg,1,train
non_violence /5215.jpg,0,train
non_violence /2123.jpg,0,train
non_violence /1946.jpg,0,train
violence /1155.jpg,1,train
non_violence /2882.jpg,0,train
violence /4541.jpg,1,train
non_violence /1301.jpg,0,train
violence /2896.jpg,1,train
non_violence /2051.jpg,0,train
violence /479.jpg,1,train
non_violence /1455.jpg,0,train
violence /2916.jpg,1,train
violence /5699.jpg,1,train
violence /760.jpg,1,train
non_violence /3452.jpg,0,train
violence /4668.jpg,1,train
violence /3374.jpg,1,train
violence /4812.jpg,1,train
violence /4454.jpg,1,train
non_violence /4451.jpg,0,train
violence /2930.jpg,1,train
non_violence /3936.jpg,0,train
non_violence /2714.jpg,0,train
non_violence /1422.jpg,0,train
violence /5178.jpg,1,train
violence /3871.jpg,1,train
violence /4276.jpg,1,train
non_violence /53.jpg,0,train
violence /5136.jpg,1,train
violence /3835.jpg,1,train
violence /1662.jpg,1,train
violence /870.jpg,1,train
violence /517.jpg,1,train
violence /2338.jpg,1,train
violence /810.jpg,1,train
non_violence /551.jpg,0,train
non_violence /3081.jpg,0,train
non_violence /2426.jpg,0,train
violence /5357.jpg,1,train
non_violence /3158.jpg,0,train
non_violence /5219.jpg,0,train
non_violence /3915.jpg,0,train
violence /4285.jpg,1,train
non_violence /491.jpg,0,train
non_violence /3956.jpg,0,train
non_violence /875.jpg,0,train
non_violence /2769.jpg,0,train
non_violence /267.jpg,0,train
non_violence /2650.jpg,0,train
non_violence /3154.jpg,0,train
non_violence /1752.jpg,0,train
non_violence /3147.jpg,0,train
non_violence /501.jpg,0,train
violence /2277.jpg,1,train
non_violence /3704.jpg,0,train
non_violence /3272.jpg,0,train
non_violence /3324.jpg,0,train
violence /3119.jpg,1,train
violence /3779.jpg,1,train
violence /2497.jpg,1,train
violence /3617.jpg,1,train
non_violence /4110.jpg,0,train
violence /1612.jpg,1,train
non_violence /1239.jpg,0,train
non_violence /341.jpg,0,train
non_violence /1112.jpg,0,train
non_violence /4470.jpg,0,train
violence /5821.jpg,1,train
violence /5637.jpg,1,train
violence /2373.jpg,1,train
non_violence /639.jpg,0,train
non_violence /3778.jpg,0,train
violence /4685.jpg,1,train
non_violence /3914.jpg,0,train
violence /90.jpg,1,train
non_violence /4807.jpg,0,train
non_violence /1354.jpg,0,train
non_violence /4175.jpg,0,train
violence /1430.jpg,1,train
non_violence /3406.jpg,0,train
non_violence /1779.jpg,0,train
violence /1322.jpg,1,train
non_violence /4992.jpg,0,train
violence /5744.jpg,1,train
non_violence /3969.jpg,0,train
non_violence /923.jpg,0,train
violence /3583.jpg,1,train
non_violence /3635.jpg,0,train
violence /3323.jpg,1,train
non_violence /1365.jpg,0,train
non_violence /5010.jpg,0,train
non_violence /2930.jpg,0,train
non_violence /2381.jpg,0,train
non_violence /2982.jpg,0,train
non_violence /3513.jpg,0,train
non_violence /4097.jpg,0,train
non_violence /581.jpg,0,train
non_violence /4844.jpg,0,train
non_violence /392.jpg,0,train
non_violence /2383.jpg,0,train
violence /3661.jpg,1,train
violence /253.jpg,1,train
non_violence /3572.jpg,0,train
non_violence /2025.jpg,0,train
non_violence /1756.jpg,0,train
violence /10.jpg,1,train
violence /597.jpg,1,train
violence /1206.jpg,1,train
non_violence /3074.jpg,0,train
violence /1886.jpg,1,train
non_violence /2106.jpg,0,train
violence /5424.jpg,1,train
violence /4614.jpg,1,train
violence /5758.jpg,1,train
violence /3648.jpg,1,train
non_violence /799.jpg,0,train
non_violence /649.jpg,0,train
non_violence /604.jpg,0,train
violence /2696.jpg,1,train
non_violence /5103.jpg,0,train
violence /3218.jpg,1,train
violence /172.jpg,1,train
non_violence /4767.jpg,0,train
non_violence /1810.jpg,0,train
non_violence /3373.jpg,0,train
violence /2853.jpg,1,train
non_violence /2055.jpg,0,train
non_violence /4848.jpg,0,train
non_violence /2158.jpg,0,train
violence /1310.jpg,1,train
non_violence /3211.jpg,0,train
violence /4446.jpg,1,train
non_violence /265.jpg,0,train
violence /2017.jpg,1,train
violence /2019.jpg,1,train
non_violence /42.jpg,0,train
non_violence /2253.jpg,0,train
non_violence /1765.jpg,0,train
violence /5368.jpg,1,train
violence /3512.jpg,1,train
non_violence /1934.jpg,0,train
non_violence /1490.jpg,0,train
non_violence /2691.jpg,0,train
non_violence /337.jpg,0,train
violence /388.jpg,1,train
non_violence /3285.jpg,0,train
non_violence /1905.jpg,0,train
violence /4848.jpg,1,train
violence /4324.jpg,1,train
violence /4305.jpg,1,train
violence /404.jpg,1,train
violence /5513.jpg,1,train
non_violence /1180.jpg,0,train
violence /522.jpg,1,train
non_violence /3746.jpg,0,train
non_violence /187.jpg,0,train
violence /3904.jpg,1,train
violence /2780.jpg,1,train
violence /3371.jpg,1,train
non_violence /598.jpg,0,train
violence /3137.jpg,1,train
violence /1813.jpg,1,train
non_violence /1268.jpg,0,train
violence /5499.jpg,1,train
non_violence /1291.jpg,0,train
violence /1680.jpg,1,train
violence /556.jpg,1,train
non_violence /4471.jpg,0,train
non_violence /2110.jpg,0,train
violence /3204.jpg,1,train
violence /1639.jpg,1,train
non_violence /2148.jpg,0,train
violence /2823.jpg,1,train
violence /3733.jpg,1,train
non_violence /1445.jpg,0,train
non_violence /3004.jpg,0,train
violence /3111.jpg,1,train
violence /2200.jpg,1,train
violence /2162.jpg,1,train
violence /250.jpg,1,train
violence /2382.jpg,1,train
violence /2089.jpg,1,train
violence /5363.jpg,1,train
non_violence /3813.jpg,0,train
non_violence /4294.jpg,0,train
violence /593.jpg,1,train
violence /5576.jpg,1,train
violence /3969.jpg,1,train
non_violence /2662.jpg,0,train
violence /274.jpg,1,train
non_violence /1205.jpg,0,train
violence /5669.jpg,1,train
violence /267.jpg,1,train
violence /5590.jpg,1,train
violence /1672.jpg,1,train
violence /1132.jpg,1,train
violence /2221.jpg,1,train
non_violence /1067.jpg,0,train
non_violence /851.jpg,0,train
non_violence /3960.jpg,0,train
violence /1318.jpg,1,train
violence /4809.jpg,1,train
non_violence /2687.jpg,0,train
violence /1274.jpg,1,train
violence /2672.jpg,1,train
non_violence /4298.jpg,0,train
violence /23.jpg,1,train
violence /4555.jpg,1,train
violence /3658.jpg,1,train
non_violence /1060.jpg,0,train
non_violence /4486.jpg,0,train
violence /3680.jpg,1,train
non_violence /3601.jpg,0,train
non_violence /3588.jpg,0,train
non_violence /1908.jpg,0,train
violence /2536.jpg,1,train
non_violence /921.jpg,0,train
violence /1427.jpg,1,train
violence /4739.jpg,1,train
non_violence /28.jpg,0,train
non_violence /393.jpg,0,train
violence /4103.jpg,1,train
violence /1649.jpg,1,train
non_violence /1907.jpg,0,train
non_violence /2318.jpg,0,train
non_violence /1650.jpg,0,train
violence /5589.jpg,1,train
violence /1888.jpg,1,train
violence /648.jpg,1,train
non_violence /1771.jpg,0,train
violence /1085.jpg,1,train
violence /3284.jpg,1,train
non_violence /1850.jpg,0,train
non_violence /5169.jpg,0,train
non_violence /390.jpg,0,train
non_violence /44.jpg,0,train
non_violence /3108.jpg,0,train
violence /4606.jpg,1,train
non_violence /4984.jpg,0,train
non_violence /1106.jpg,0,train
non_violence /1436.jpg,0,train
non_violence /1813.jpg,0,train
violence /5558.jpg,1,train
violence /1329.jpg,1,train
non_violence /3952.jpg,0,train
violence /4156.jpg,1,train
violence /5651.jpg,1,train
non_violence /4002.jpg,0,train
non_violence /5053.jpg,0,train
violence /990.jpg,1,train
violence /5012.jpg,1,train
violence /2436.jpg,1,train
non_violence /4745.jpg,0,train
violence /598.jpg,1,train
non_violence /3926.jpg,0,train
violence /52.jpg,1,train
non_violence /3152.jpg,0,train
non_violence /4707.jpg,0,train
non_violence /2801.jpg,0,train
non_violence /1790.jpg,0,train
violence /1493.jpg,1,train
non_violence /1379.jpg,0,train
non_violence /4622.jpg,0,train
violence /2158.jpg,1,train
violence /1469.jpg,1,train
violence /2339.jpg,1,train
violence /980.jpg,1,train
non_violence /3022.jpg,0,train
violence /1462.jpg,1,train
non_violence /2244.jpg,0,train
non_violence /3666.jpg,0,train
violence /2599.jpg,1,train
non_violence /1491.jpg,0,train
violence /977.jpg,1,train
non_violence /4626.jpg,0,train
non_violence /4335.jpg,0,train
non_violence /989.jpg,0,train
violence /4897.jpg,1,train
violence /4289.jpg,1,train
non_violence /3412.jpg,0,train
non_violence /2858.jpg,0,train
violence /3055.jpg,1,train
violence /3132.jpg,1,train
violence /3656.jpg,1,train
violence /4154.jpg,1,train
non_violence /2595.jpg,0,train
non_violence /4644.jpg,0,train
violence /5159.jpg,1,train
non_violence /4665.jpg,0,train
violence /3800.jpg,1,train
violence /3242.jpg,1,train
non_violence /4763.jpg,0,train
non_violence /2629.jpg,0,train
violence /4882.jpg,1,train
non_violence /2325.jpg,0,train
non_violence /2916.jpg,0,train
non_violence /2281.jpg,0,train
non_violence /1071.jpg,0,train
violence /3036.jpg,1,train
violence /2356.jpg,1,train
violence /4970.jpg,1,train
violence /2968.jpg,1,train
violence /4677.jpg,1,train
non_violence /2572.jpg,0,train
violence /1177.jpg,1,train
non_violence /4315.jpg,0,train
violence /807.jpg,1,train
violence /730.jpg,1,train
non_violence /4837.jpg,0,train
non_violence /1416.jpg,0,train
violence /2425.jpg,1,train
violence /4603.jpg,1,train
non_violence /3632.jpg,0,train
non_violence /1479.jpg,0,train
violence /42.jpg,1,train
non_violence /4872.jpg,0,train
non_violence /4932.jpg,0,train
violence /3767.jpg,1,train
violence /5253.jpg,1,train
non_violence /3346.jpg,0,train
non_violence /2492.jpg,0,train
non_violence /1602.jpg,0,train
violence /3627.jpg,1,train
non_violence /2423.jpg,0,train
violence /793.jpg,1,train
violence /2269.jpg,1,train
non_violence /881.jpg,0,train
violence /4948.jpg,1,train
violence /4704.jpg,1,train
non_violence /2081.jpg,0,train
non_violence /420.jpg,0,train
non_violence /3994.jpg,0,train
non_violence /3149.jpg,0,train
non_violence /4737.jpg,0,train
violence /103.jpg,1,train
violence /913.jpg,1,train
non_violence /3282.jpg,0,train
violence /5360.jpg,1,train
non_violence /2648.jpg,0,train
violence /3417.jpg,1,train
non_violence /1135.jpg,0,train
non_violence /4777.jpg,0,train
non_violence /59.jpg,0,train
violence /1553.jpg,1,train
violence /1704.jpg,1,train
violence /2838.jpg,1,train
violence /1407.jpg,1,train
violence /2761.jpg,1,train
violence /1044.jpg,1,train
non_violence /1463.jpg,0,train
non_violence /2605.jpg,0,train
non_violence /739.jpg,0,train
non_violence /4696.jpg,0,train
violence /4740.jpg,1,train
violence /2244.jpg,1,train
violence /294.jpg,1,train
violence /519.jpg,1,train
violence /1593.jpg,1,train
non_violence /4843.jpg,0,train
violence /2710.jpg,1,train
violence /1962.jpg,1,train
violence /4278.jpg,1,train
non_violence /3814.jpg,0,train
violence /494.jpg,1,train
violence /2274.jpg,1,train
non_violence /4138.jpg,0,train
violence /2193.jpg,1,train
violence /3453.jpg,1,train
violence /1827.jpg,1,train
violence /364.jpg,1,train
non_violence /904.jpg,0,train
violence /5619.jpg,1,train
violence /4107.jpg,1,train
violence /5266.jpg,1,train
non_violence /849.jpg,0,train
non_violence /811.jpg,0,train
violence /4957.jpg,1,train
violence /4689.jpg,1,train
non_violence /3927.jpg,0,train
non_violence /3740.jpg,0,train
non_violence /4066.jpg,0,train
violence /3860.jpg,1,train
violence /4463.jpg,1,train
non_violence /5063.jpg,0,train
violence /5533.jpg,1,train
non_violence /677.jpg,0,train
violence /268.jpg,1,train
non_violence /1338.jpg,0,train
violence /454.jpg,1,train
non_violence /5009.jpg,0,train
violence /3695.jpg,1,train
non_violence /762.jpg,0,train
non_violence /5132.jpg,0,train
non_violence /1977.jpg,0,train
violence /2501.jpg,1,train
violence /1379.jpg,1,train
non_violence /2690.jpg,0,train
non_violence /4540.jpg,0,train
non_violence /2956.jpg,0,train
non_violence /4261.jpg,0,train
violence /3007.jpg,1,train
violence /2787.jpg,1,train
violence /3626.jpg,1,train
violence /2477.jpg,1,train
violence /351.jpg,1,train
non_violence /622.jpg,0,train
non_violence /5120.jpg,0,train
violence /5097.jpg,1,train
non_violence /817.jpg,0,train
non_violence /3067.jpg,0,train
violence /2637.jpg,1,train
non_violence /1915.jpg,0,train
non_violence /4528.jpg,0,train
violence /378.jpg,1,train
violence /1800.jpg,1,train
violence /4225.jpg,1,train
non_violence /1009.jpg,0,train
non_violence /4805.jpg,0,train
violence /846.jpg,1,train
non_violence /1049.jpg,0,train
non_violence /1252.jpg,0,train
violence /3358.jpg,1,train
non_violence /2990.jpg,0,train
non_violence /2176.jpg,0,train
non_violence /2941.jpg,0,train
violence /5228.jpg,1,train
non_violence /2140.jpg,0,train
violence /5422.jpg,1,train
violence /1705.jpg,1,train
non_violence /114.jpg,0,train
non_violence /526.jpg,0,train
violence /1668.jpg,1,train
non_violence /99.jpg,0,train
violence /2700.jpg,1,train
non_violence /2191.jpg,0,train
violence /3511.jpg,1,train
non_violence /1271.jpg,0,train
non_violence /5217.jpg,0,train
violence /3365.jpg,1,train
violence /3720.jpg,1,train
violence /848.jpg,1,train
violence /1301.jpg,1,train
violence /2381.jpg,1,train
violence /2229.jpg,1,train
non_violence /1121.jpg,0,train
non_violence /3571.jpg,0,train
violence /3042.jpg,1,train
violence /3163.jpg,1,train
violence /3865.jpg,1,train
non_violence /3998.jpg,0,train
non_violence /657.jpg,0,train
violence /1353.jpg,1,train
non_violence /1910.jpg,0,train
non_violence /925.jpg,0,train
violence /5011.jpg,1,train
non_violence /5105.jpg,0,train
non_violence /2167.jpg,0,train
violence /3821.jpg,1,train
non_violence /2755.jpg,0,train
violence /4906.jpg,1,train
non_violence /2198.jpg,0,train
violence /68.jpg,1,train
violence /1156.jpg,1,train
non_violence /2056.jpg,0,train
non_violence /3345.jpg,0,train
non_violence /1539.jpg,0,train
non_violence /4208.jpg,0,train
violence /4117.jpg,1,train
non_violence /1174.jpg,0,train
violence /3844.jpg,1,train
non_violence /37.jpg,0,train
violence /483.jpg,1,train
violence /2324.jpg,1,train
non_violence /4392.jpg,0,train
non_violence /2898.jpg,0,train
non_violence /4943.jpg,0,train
violence /628.jpg,1,train
violence /5065.jpg,1,train
violence /4732.jpg,1,train
violence /2765.jpg,1,train
non_violence /291.jpg,0,train
violence /5279.jpg,1,train
violence /4792.jpg,1,train
non_violence /49.jpg,0,train
non_violence /822.jpg,0,train
non_violence /3627.jpg,0,train
violence /2407.jpg,1,train
violence /5646.jpg,1,train
non_violence /1805.jpg,0,train
violence /4798.jpg,1,train
non_violence /4307.jpg,0,train
non_violence /3848.jpg,0,train
non_violence /965.jpg,0,train
violence /3943.jpg,1,train
violence /4842.jpg,1,train
violence /562.jpg,1,train
non_violence /3261.jpg,0,train
non_violence /1396.jpg,0,train
violence /4441.jpg,1,train
violence /525.jpg,1,train
non_violence /2012.jpg,0,train
violence /3987.jpg,1,train
violence /4257.jpg,1,train
violence /2539.jpg,1,train
violence /2350.jpg,1,train
violence /2754.jpg,1,train
violence /4810.jpg,1,train
non_violence /4361.jpg,0,train
violence /3506.jpg,1,train
non_violence /2135.jpg,0,train
non_violence /212.jpg,0,train
violence /4469.jpg,1,train
violence /30.jpg,1,train
non_violence /682.jpg,0,train
violence /2661.jpg,1,train
violence /850.jpg,1,train
non_violence /4339.jpg,0,train
violence /2872.jpg,1,train
non_violence /2554.jpg,0,train
violence /757.jpg,1,train
violence /4197.jpg,1,train
violence /5582.jpg,1,train
non_violence /735.jpg,0,train
non_violence /449.jpg,0,train
violence /4535.jpg,1,train
non_violence /3905.jpg,0,train
non_violence /3612.jpg,0,train
violence /2110.jpg,1,train
non_violence /527.jpg,0,train
non_violence /3656.jpg,0,train
violence /363.jpg,1,train
violence /4347.jpg,1,train
non_violence /9.jpg,0,train
violence /1618.jpg,1,train
violence /2151.jpg,1,train
non_violence /70.jpg,0,train
non_violence /1999.jpg,0,train
non_violence /4022.jpg,0,train
violence /2310.jpg,1,train
non_violence /5230.jpg,0,train
non_violence /3310.jpg,0,train
non_violence /1286.jpg,0,train
non_violence /3951.jpg,0,train
non_violence /1064.jpg,0,train
non_violence /2836.jpg,0,train
violence /5742.jpg,1,train
violence /259.jpg,1,train
non_violence /4632.jpg,0,train
non_violence /1729.jpg,0,train
violence /2306.jpg,1,train
non_violence /1192.jpg,0,train
non_violence /1065.jpg,0,train
violence /4776.jpg,1,train
violence /1389.jpg,1,train
violence /213.jpg,1,train
violence /3456.jpg,1,train
non_violence /4813.jpg,0,train
non_violence /2482.jpg,0,train
violence /129.jpg,1,train
non_violence /414.jpg,0,train
violence /594.jpg,1,train
violence /2760.jpg,1,train
violence /4577.jpg,1,train
non_violence /2493.jpg,0,train
violence /319.jpg,1,train
non_violence /508.jpg,0,train
non_violence /4068.jpg,0,train
violence /1152.jpg,1,train
violence /1974.jpg,1,train
violence /2595.jpg,1,train
violence /5543.jpg,1,train
violence /5330.jpg,1,train
non_violence /3066.jpg,0,train
non_violence /2199.jpg,0,train
non_violence /4976.jpg,0,train
non_violence /4466.jpg,0,train
violence /2579.jpg,1,train
violence /4200.jpg,1,train
violence /272.jpg,1,train
non_violence /1707.jpg,0,train
non_violence /103.jpg,0,train
violence /1684.jpg,1,train
non_violence /4910.jpg,0,train
violence /28.jpg,1,train
non_violence /1384.jpg,0,train
non_violence /907.jpg,0,train
non_violence /2712.jpg,0,train
non_violence /1969.jpg,0,train
non_violence /1159.jpg,0,train
violence /1616.jpg,1,train
non_violence /879.jpg,0,train
violence /275.jpg,1,train
violence /1675.jpg,1,train
non_violence /2301.jpg,0,train
violence /2246.jpg,1,train
non_violence /1311.jpg,0,train
non_violence /3695.jpg,0,train
non_violence /4308.jpg,0,train
violence /773.jpg,1,train
non_violence /4272.jpg,0,train
non_violence /5203.jpg,0,train
non_violence /5025.jpg,0,train
violence /2837.jpg,1,train
violence /592.jpg,1,train
violence /3513.jpg,1,train
violence /2022.jpg,1,train
violence /3334.jpg,1,train
violence /1053.jpg,1,train
non_violence /214.jpg,0,train
non_violence /1669.jpg,0,train
non_violence /2976.jpg,0,train
non_violence /2412.jpg,0,train
non_violence /5208.jpg,0,train
non_violence /2035.jpg,0,train
violence /3060.jpg,1,train
non_violence /2087.jpg,0,train
violence /3676.jpg,1,train
non_violence /2387.jpg,0,train
violence /304.jpg,1,train
non_violence /1996.jpg,0,train
non_violence /4875.jpg,0,train
violence /1398.jpg,1,train
non_violence /402.jpg,0,train
violence /1384.jpg,1,train
violence /5459.jpg,1,train
non_violence /4781.jpg,0,train
non_violence /3827.jpg,0,train
violence /1844.jpg,1,train
non_violence /2519.jpg,0,train
violence /4279.jpg,1,train
non_violence /2052.jpg,0,train
violence /4638.jpg,1,train
non_violence /2546.jpg,0,train
violence /270.jpg,1,train
violence /2850.jpg,1,train
violence /5820.jpg,1,train
violence /739.jpg,1,train
non_violence /4952.jpg,0,train
non_violence /1754.jpg,0,train
non_violence /2326.jpg,0,train
non_violence /1708.jpg,0,train
violence /1441.jpg,1,train
violence /474.jpg,1,train
violence /665.jpg,1,train
non_violence /3689.jpg,0,train
violence /2530.jpg,1,train
non_violence /538.jpg,0,train
violence /284.jpg,1,train
non_violence /1181.jpg,0,train
non_violence /800.jpg,0,train
violence /4824.jpg,1,train
non_violence /4821.jpg,0,train
non_violence /566.jpg,0,train
non_violence /1275.jpg,0,train
violence /622.jpg,1,train
non_violence /5049.jpg,0,train
non_violence /3384.jpg,0,train
non_violence /4757.jpg,0,train
violence /5555.jpg,1,train
non_violence /2766.jpg,0,train
violence /4883.jpg,1,train
non_violence /2675.jpg,0,train
non_violence /3886.jpg,0,train
non_violence /3499.jpg,0,train
non_violence /3203.jpg,0,train
violence /3472.jpg,1,train
non_violence /3931.jpg,0,train
violence /1507.jpg,1,train
non_violence /2834.jpg,0,train
non_violence /4400.jpg,0,train
non_violence /1625.jpg,0,train
non_violence /1848.jpg,0,train
violence /3181.jpg,1,train
non_violence /2536.jpg,0,train
violence /3618.jpg,1,train
violence /1339.jpg,1,train
violence /4995.jpg,1,train
violence /3092.jpg,1,train
violence /3946.jpg,1,train
non_violence /3169.jpg,0,train
violence /2925.jpg,1,train
non_violence /272.jpg,0,train
non_violence /4213.jpg,0,train
violence /3972.jpg,1,train
violence /1615.jpg,1,train
non_violence /1411.jpg,0,train
violence /3321.jpg,1,train
violence /4141.jpg,1,train
violence /4940.jpg,1,train
violence /2048.jpg,1,train
violence /5690.jpg,1,train
violence /951.jpg,1,train
violence /2771.jpg,1,train
violence /5134.jpg,1,train
non_violence /3060.jpg,0,train
non_violence /1887.jpg,0,train
non_violence /4046.jpg,0,train
violence /3897.jpg,1,train
violence /2766.jpg,1,train
non_violence /2298.jpg,0,train
violence /4650.jpg,1,train
violence /4576.jpg,1,train
violence /3158.jpg,1,train
non_violence /1477.jpg,0,train
violence /2247.jpg,1,train
non_violence /1056.jpg,0,train
violence /1506.jpg,1,train
non_violence /1957.jpg,0,train
violence /2076.jpg,1,train
violence /3148.jpg,1,train
violence /563.jpg,1,train
non_violence /2903.jpg,0,train
violence /76.jpg,1,train
violence /1122.jpg,1,train
non_violence /2981.jpg,0,train
non_violence /1581.jpg,0,train
violence /3579.jpg,1,train
non_violence /922.jpg,0,train
non_violence /343.jpg,0,train
violence /2562.jpg,1,train
non_violence /1755.jpg,0,train
violence /2419.jpg,1,train
violence /4115.jpg,1,train
non_violence /2965.jpg,0,train
non_violence /3179.jpg,0,train
violence /1975.jpg,1,train
non_violence /4185.jpg,0,train
non_violence /2974.jpg,0,train
violence /2028.jpg,1,train
violence /784.jpg,1,train
non_violence /667.jpg,0,train
violence /2291.jpg,1,train
violence /313.jpg,1,train
violence /1910.jpg,1,train
non_violence /1870.jpg,0,train
violence /2067.jpg,1,train
non_violence /4761.jpg,0,train
non_violence /4267.jpg,0,train
violence /4301.jpg,1,train
violence /3509.jpg,1,train
non_violence /4321.jpg,0,train
violence /5612.jpg,1,train
violence /5264.jpg,1,train
non_violence /1427.jpg,0,train
violence /5304.jpg,1,train
violence /3745.jpg,1,train
non_violence /960.jpg,0,train
non_violence /2067.jpg,0,train
violence /3709.jpg,1,train
violence /288.jpg,1,train
non_violence /417.jpg,0,train
non_violence /2139.jpg,0,train
violence /687.jpg,1,train
violence /1468.jpg,1,train
violence /4384.jpg,1,train
non_violence /2483.jpg,0,train
violence /917.jpg,1,train
non_violence /3811.jpg,0,train
violence /1128.jpg,1,train
violence /62.jpg,1,train
non_violence /1482.jpg,0,train
violence /3408.jpg,1,train
non_violence /3937.jpg,0,train
non_violence /2651.jpg,0,train
non_violence /3540.jpg,0,train
violence /5374.jpg,1,train
violence /4604.jpg,1,train
non_violence /1759.jpg,0,train
non_violence /3244.jpg,0,train
non_violence /4231.jpg,0,train
non_violence /456.jpg,0,train
violence /5453.jpg,1,train
violence /549.jpg,1,train
non_violence /814.jpg,0,train
violence /1525.jpg,1,train
non_violence /3887.jpg,0,train
non_violence /43.jpg,0,train
violence /1351.jpg,1,train
violence /3744.jpg,1,train
non_violence /1980.jpg,0,train
violence /4934.jpg,1,train
non_violence /1881.jpg,0,train
violence /4857.jpg,1,train
violence /2648.jpg,1,train
violence /521.jpg,1,train
violence /666.jpg,1,train
non_violence /1580.jpg,0,train
non_violence /1961.jpg,0,train
violence /328.jpg,1,train
violence /1432.jpg,1,train
non_violence /978.jpg,0,train
violence /4252.jpg,1,train
violence /1409.jpg,1,train
non_violence /3537.jpg,0,train
violence /3382.jpg,1,train
violence /3810.jpg,1,train
non_violence /1377.jpg,0,train
non_violence /1078.jpg,0,train
non_violence /2394.jpg,0,train
non_violence /1195.jpg,0,train
non_violence /3853.jpg,0,train
violence /297.jpg,1,train
non_violence /3363.jpg,0,train
violence /3678.jpg,1,train
violence /3901.jpg,1,train
violence /5372.jpg,1,train
non_violence /4975.jpg,0,train
violence /4549.jpg,1,train
violence /3469.jpg,1,train
non_violence /3351.jpg,0,train
violence /3576.jpg,1,train
non_violence /550.jpg,0,train
violence /2082.jpg,1,train
violence /1168.jpg,1,train
violence /2150.jpg,1,train
violence /5056.jpg,1,train
violence /309.jpg,1,train
non_violence /1728.jpg,0,train
non_violence /1026.jpg,0,train
violence /2954.jpg,1,train
violence /2312.jpg,1,train
violence /3054.jpg,1,train
non_violence /3799.jpg,0,train
non_violence /2992.jpg,0,train
violence /3076.jpg,1,train
violence /1765.jpg,1,train
non_violence /5022.jpg,0,train
violence /3026.jpg,1,train
non_violence /2436.jpg,0,train
non_violence /911.jpg,0,train
non_violence /4319.jpg,0,train
violence /611.jpg,1,train
non_violence /3059.jpg,0,train
non_violence /3979.jpg,0,train
violence /2008.jpg,1,train
non_violence /1573.jpg,0,train
non_violence /3995.jpg,0,train
non_violence /3466.jpg,0,train
violence /4602.jpg,1,train
non_violence /4840.jpg,0,train
non_violence /4121.jpg,0,train
violence /3719.jpg,1,train
violence /4996.jpg,1,train
non_violence /4165.jpg,0,train
non_violence /746.jpg,0,train
violence /4482.jpg,1,train
non_violence /842.jpg,0,train
non_violence /6.jpg,0,train
violence /1001.jpg,1,train
non_violence /3446.jpg,0,train
non_violence /1344.jpg,0,train
violence /769.jpg,1,train
violence /2326.jpg,1,train
violence /3175.jpg,1,train
non_violence /807.jpg,0,train
non_violence /1223.jpg,0,train
non_violence /1290.jpg,0,train
violence /3861.jpg,1,train
non_violence /1578.jpg,0,train
violence /5639.jpg,1,train
non_violence /1700.jpg,0,train
violence /3935.jpg,1,train
violence /386.jpg,1,train
violence /3620.jpg,1,train
violence /5451.jpg,1,train
violence /5480.jpg,1,train
violence /146.jpg,1,train
non_violence /4712.jpg,0,train
violence /4574.jpg,1,train
violence /638.jpg,1,train
non_violence /1123.jpg,0,train
non_violence /4139.jpg,0,train
violence /2570.jpg,1,train
non_violence /1938.jpg,0,train
non_violence /460.jpg,0,train
violence /276.jpg,1,train
non_violence /4523.jpg,0,train
violence /4422.jpg,1,train
violence /5094.jpg,1,train
non_violence /3094.jpg,0,train
violence /5036.jpg,1,train
violence /3732.jpg,1,train
violence /5464.jpg,1,train
violence /2341.jpg,1,train
violence /2856.jpg,1,train
violence /695.jpg,1,train
non_violence /2847.jpg,0,train
violence /993.jpg,1,train
non_violence /4190.jpg,0,train
violence /358.jpg,1,train
non_violence /1720.jpg,0,train
non_violence /987.jpg,0,train
non_violence /3171.jpg,0,train
violence /2644.jpg,1,train
non_violence /2211.jpg,0,train
non_violence /787.jpg,0,train
non_violence /86.jpg,0,train
non_violence /2075.jpg,0,train
non_violence /4162.jpg,0,train
violence /5130.jpg,1,train
violence /2044.jpg,1,train
non_violence /4354.jpg,0,train
violence /1023.jpg,1,train
violence /2788.jpg,1,train
violence /3018.jpg,1,train
violence /4392.jpg,1,train
non_violence /1817.jpg,0,train
non_violence /972.jpg,0,train
violence /2567.jpg,1,train
violence /302.jpg,1,train
non_violence /758.jpg,0,train
non_violence /3038.jpg,0,train
violence /3630.jpg,1,train
violence /3194.jpg,1,train
non_violence /4929.jpg,0,train
violence /2172.jpg,1,train
non_violence /2159.jpg,0,train
non_violence /269.jpg,0,train
non_violence /2859.jpg,0,train
non_violence /2204.jpg,0,train
violence /5081.jpg,1,train
violence /5822.jpg,1,train
non_violence /27.jpg,0,train
violence /2958.jpg,1,train
violence /5237.jpg,1,train
non_violence /180.jpg,0,train
non_violence /3790.jpg,0,train
violence /3669.jpg,1,train
violence /5206.jpg,1,train
violence /4540.jpg,1,train
violence /796.jpg,1,train
violence /3019.jpg,1,train
violence /1720.jpg,1,train
violence /907.jpg,1,train
non_violence /156.jpg,0,train
violence /566.jpg,1,train
violence /4652.jpg,1,train
violence /5774.jpg,1,train
violence /4284.jpg,1,train
violence /2270.jpg,1,train
non_violence /3378.jpg,0,train
non_violence /1272.jpg,0,train
non_violence /5058.jpg,0,train
non_violence /1430.jpg,0,train
violence /1907.jpg,1,train
non_violence /3898.jpg,0,train
non_violence /1249.jpg,0,train
non_violence /3866.jpg,0,train
non_violence /991.jpg,0,train
non_violence /2971.jpg,0,train
non_violence /4951.jpg,0,train
non_violence /1660.jpg,0,train
non_violence /1173.jpg,0,train
non_violence /379.jpg,0,train
non_violence /1260.jpg,0,train
non_violence /2134.jpg,0,train
violence /3679.jpg,1,train
violence /1971.jpg,1,train
violence /66.jpg,1,train
non_violence /4760.jpg,0,train
non_violence /1985.jpg,0,train
violence /1366.jpg,1,train
violence /2414.jpg,1,train
violence /661.jpg,1,train
violence /3176.jpg,1,train
non_violence /2340.jpg,0,train
violence /3014.jpg,1,train
violence /2476.jpg,1,train
non_violence /3097.jpg,0,train
violence /1340.jpg,1,train
non_violence /4304.jpg,0,train
violence /1628.jpg,1,train
non_violence /2421.jpg,0,train
non_violence /3250.jpg,0,train
violence /373.jpg,1,train
non_violence /1932.jpg,0,train
violence /4539.jpg,1,train
violence /3783.jpg,1,train
violence /4048.jpg,1,train
violence /4728.jpg,1,train
violence /4611.jpg,1,train
non_violence /198.jpg,0,train
non_violence /1773.jpg,0,train
violence /2931.jpg,1,train
violence /2606.jpg,1,train
violence /279.jpg,1,train
violence /766.jpg,1,train
non_violence /200.jpg,0,train
violence /155.jpg,1,train
violence /3238.jpg,1,train
non_violence /3733.jpg,0,train
non_violence /4753.jpg,0,train
non_violence /4812.jpg,0,train
non_violence /576.jpg,0,train
non_violence /3224.jpg,0,train
violence /3253.jpg,1,train
violence /2767.jpg,1,train
non_violence /4256.jpg,0,train
non_violence /1458.jpg,0,train
non_violence /3233.jpg,0,train
non_violence /624.jpg,0,train
non_violence /524.jpg,0,train
non_violence /4991.jpg,0,train
violence /3282.jpg,1,train
violence /4165.jpg,1,train
violence /1529.jpg,1,train
non_violence /1984.jpg,0,train
non_violence /3375.jpg,0,train
non_violence /2566.jpg,0,train
violence /5536.jpg,1,train
non_violence /173.jpg,0,train
non_violence /87.jpg,0,train
non_violence /208.jpg,0,train
violence /2704.jpg,1,train
violence /2387.jpg,1,train
non_violence /3030.jpg,0,train
violence /5246.jpg,1,train
non_violence /3015.jpg,0,train
non_violence /3892.jpg,0,train
non_violence /299.jpg,0,train
violence /4623.jpg,1,train
violence /4624.jpg,1,train
violence /5117.jpg,1,train
non_violence /2814.jpg,0,train
non_violence /3161.jpg,0,train
violence /5002.jpg,1,train
violence /2023.jpg,1,train
non_violence /5131.jpg,0,train
non_violence /227.jpg,0,train
violence /3999.jpg,1,train
non_violence /4326.jpg,0,train
non_violence /4627.jpg,0,train
non_violence /2743.jpg,0,train
violence /5603.jpg,1,train
non_violence /3265.jpg,0,train
non_violence /3607.jpg,0,train
non_violence /3367.jpg,0,train
violence /5299.jpg,1,train
non_violence /802.jpg,0,train
violence /2119.jpg,1,train
non_violence /4107.jpg,0,train
non_violence /1179.jpg,0,train
violence /2861.jpg,1,train
violence /1514.jpg,1,train
violence /5418.jpg,1,train
violence /1883.jpg,1,train
violence /5344.jpg,1,train
non_violence /1683.jpg,0,train
non_violence /4137.jpg,0,train
violence /5046.jpg,1,train
non_violence /630.jpg,0,train
violence /4969.jpg,1,train
violence /3189.jpg,1,train
violence /5286.jpg,1,train
non_violence /3100.jpg,0,train
non_violence /75.jpg,0,train
violence /1623.jpg,1,train
violence /898.jpg,1,train
violence /936.jpg,1,train
non_violence /5220.jpg,0,train
violence /3157.jpg,1,train
violence /3573.jpg,1,train
non_violence /2279.jpg,0,train
violence /4717.jpg,1,train
non_violence /1107.jpg,0,train
violence /1267.jpg,1,train
violence /3005.jpg,1,train
violence /470.jpg,1,train
non_violence /1446.jpg,0,train
violence /2437.jpg,1,train
violence /237.jpg,1,train
non_violence /4658.jpg,0,train
non_violence /195.jpg,0,train
violence /2663.jpg,1,train
violence /106.jpg,1,train
violence /1390.jpg,1,train
violence /3052.jpg,1,train
non_violence /5042.jpg,0,train
violence /5085.jpg,1,train
violence /5602.jpg,1,train
non_violence /4912.jpg,0,train
violence /324.jpg,1,train
violence /1631.jpg,1,train
violence /1954.jpg,1,train
non_violence /128.jpg,0,train
violence /5799.jpg,1,train
violence /4414.jpg,1,train
violence /2819.jpg,1,train
non_violence /154.jpg,0,train
violence /792.jpg,1,train
violence /5335.jpg,1,train
violence /2554.jpg,1,train
non_violence /3727.jpg,0,train
violence /3184.jpg,1,train
non_violence /3891.jpg,0,train
non_violence /2449.jpg,0,train
non_violence /1020.jpg,0,train
non_violence /2717.jpg,0,train
non_violence /494.jpg,0,train
non_violence /2899.jpg,0,train
violence /2651.jpg,1,train
violence /2426.jpg,1,train
violence /4052.jpg,1,train
non_violence /2367.jpg,0,train
violence /3050.jpg,1,train
violence /1230.jpg,1,train
violence /3424.jpg,1,train
non_violence /5198.jpg,0,train
non_violence /3587.jpg,0,train
violence /38.jpg,1,train
violence /4999.jpg,1,train
non_violence /1948.jpg,0,train
violence /2094.jpg,1,train
violence /4091.jpg,1,train
non_violence /1565.jpg,0,train
non_violence /4200.jpg,0,train
violence /920.jpg,1,train
violence /2495.jpg,1,train
non_violence /202.jpg,0,train
violence /3229.jpg,1,train
violence /33.jpg,1,train
violence /2450.jpg,1,train
non_violence /1753.jpg,0,train
violence /2267.jpg,1,train
violence /5345.jpg,1,train
violence /2920.jpg,1,train
non_violence /1492.jpg,0,train
violence /3072.jpg,1,train
non_violence /1043.jpg,0,train
violence /295.jpg,1,train
violence /463.jpg,1,train
violence /3909.jpg,1,train
non_violence /5084.jpg,0,train
violence /5343.jpg,1,train
violence /120.jpg,1,train
violence /1952.jpg,1,train
violence /58.jpg,1,train
violence /3831.jpg,1,train
violence /1248.jpg,1,train
violence /3381.jpg,1,train
violence /2415.jpg,1,train
non_violence /2725.jpg,0,train
non_violence /4886.jpg,0,train
non_violence /3241.jpg,0,train
violence /916.jpg,1,train
violence /400.jpg,1,train
violence /365.jpg,1,train
non_violence /835.jpg,0,train
violence /4773.jpg,1,train
violence /4721.jpg,1,train
non_violence /5101.jpg,0,train
violence /4374.jpg,1,train
non_violence /3268.jpg,0,train
violence /1183.jpg,1,train
violence /5145.jpg,1,train
violence /286.jpg,1,train
violence /2397.jpg,1,train
violence /2100.jpg,1,train
non_violence /4356.jpg,0,train
non_violence /1351.jpg,0,train
violence /4326.jpg,1,train
violence /5338.jpg,1,train
violence /4147.jpg,1,train
violence /2833.jpg,1,train
non_violence /4808.jpg,0,train
violence /1355.jpg,1,train
violence /759.jpg,1,train
non_violence /3643.jpg,0,train
violence /1297.jpg,1,train
non_violence /1032.jpg,0,train
non_violence /1392.jpg,0,train
non_violence /584.jpg,0,train
non_violence /5155.jpg,0,train
violence /3144.jpg,1,train
violence /1817.jpg,1,train
non_violence /2229.jpg,0,train
violence /2547.jpg,1,train
non_violence /1093.jpg,0,train
non_violence /3021.jpg,0,train
non_violence /3774.jpg,0,train
violence /2134.jpg,1,train
non_violence /2603.jpg,0,train
non_violence /196.jpg,0,train
non_violence /3882.jpg,0,train
non_violence /3350.jpg,0,train
non_violence /3826.jpg,0,train
non_violence /220.jpg,0,train
non_violence /3317.jpg,0,train
violence /2921.jpg,1,train
violence /3746.jpg,1,train
non_violence /229.jpg,0,train
violence /3345.jpg,1,train
non_violence /1283.jpg,0,train
violence /4330.jpg,1,train
non_violence /2671.jpg,0,train
violence /1547.jpg,1,train
violence /3476.jpg,1,train
non_violence /4962.jpg,0,train
violence /3088.jpg,1,train
non_violence /3135.jpg,0,train
violence /4395.jpg,1,train
non_violence /1645.jpg,0,train
non_violence /4950.jpg,0,train
non_violence /2549.jpg,0,train
non_violence /2469.jpg,0,train
violence /3186.jpg,1,train
non_violence /3427.jpg,0,train
violence /1663.jpg,1,train
violence /367.jpg,1,train
non_violence /1207.jpg,0,train
non_violence /574.jpg,0,train
violence /1433.jpg,1,train
non_violence /466.jpg,0,train
violence /4449.jpg,1,train
non_violence /3684.jpg,0,train
non_violence /1450.jpg,0,train
non_violence /4474.jpg,0,train
non_violence /3912.jpg,0,train
violence /1928.jpg,1,train
non_violence /4831.jpg,0,train
non_violence /976.jpg,0,train
non_violence /2500.jpg,0,train
violence /5267.jpg,1,train
violence /5688.jpg,1,train
violence /1111.jpg,1,train
non_violence /2659.jpg,0,train
violence /5700.jpg,1,train
non_violence /1419.jpg,0,train
non_violence /2274.jpg,0,train
non_violence /4979.jpg,0,train
violence /464.jpg,1,train
non_violence /2363.jpg,0,train
non_violence /3681.jpg,0,train
violence /5618.jpg,1,train
non_violence /1478.jpg,0,train
violence /1476.jpg,1,train
violence /4990.jpg,1,train
non_violence /1370.jpg,0,train
non_violence /5115.jpg,0,train
non_violence /224.jpg,0,train
violence /3867.jpg,1,train
violence /2342.jpg,1,train
violence /624.jpg,1,train
violence /3677.jpg,1,train
non_violence /4791.jpg,0,train
violence /1292.jpg,1,train
non_violence /2459.jpg,0,train
non_violence /3014.jpg,0,train
violence /2862.jpg,1,train
non_violence /4505.jpg,0,train
violence /2596.jpg,1,train
violence /4575.jpg,1,train
non_violence /3831.jpg,0,train
non_violence /3784.jpg,0,train
non_violence /3383.jpg,0,train
non_violence /1936.jpg,0,train
violence /885.jpg,1,train
violence /3109.jpg,1,train
violence /226.jpg,1,train
violence /2885.jpg,1,train
violence /1396.jpg,1,train
violence /5152.jpg,1,train
non_violence /1713.jpg,0,train
non_violence /2130.jpg,0,train
violence /140.jpg,1,train
violence /3183.jpg,1,train
violence /4140.jpg,1,train
non_violence /2245.jpg,0,train
violence /2816.jpg,1,train
violence /5019.jpg,1,train
violence /3434.jpg,1,train
violence /1048.jpg,1,train
violence /3715.jpg,1,train
non_violence /101.jpg,0,train
violence /1549.jpg,1,train
violence /947.jpg,1,train
non_violence /1041.jpg,0,train
violence /3528.jpg,1,train
violence /558.jpg,1,train
violence /1526.jpg,1,train
non_violence /2349.jpg,0,train
non_violence /953.jpg,0,train
violence /1229.jpg,1,train
violence /4902.jpg,1,train
non_violence /4065.jpg,0,train
non_violence /2043.jpg,0,train
violence /5070.jpg,1,train
non_violence /1390.jpg,0,train
violence /3896.jpg,1,train
violence /1387.jpg,1,train
violence /5001.jpg,1,train
non_violence /2330.jpg,0,train
violence /4510.jpg,1,train
non_violence /1988.jpg,0,train
non_violence /1297.jpg,0,train
non_violence /4444.jpg,0,train
violence /3550.jpg,1,train
violence /1312.jpg,1,train
violence /2340.jpg,1,train
violence /5452.jpg,1,train
non_violence /4980.jpg,0,train
non_violence /4662.jpg,0,train
violence /3389.jpg,1,train
non_violence /3567.jpg,0,train
non_violence /1966.jpg,0,train
non_violence /4478.jpg,0,train
violence /5252.jpg,1,train
violence /2947.jpg,1,train
violence /591.jpg,1,train
non_violence /5076.jpg,0,train
violence /2453.jpg,1,train
violence /806.jpg,1,train
violence /2016.jpg,1,train
violence /4538.jpg,1,train
violence /3837.jpg,1,train
violence /1408.jpg,1,train
violence /5144.jpg,1,train
non_violence /2388.jpg,0,train
non_violence /2792.jpg,0,train
non_violence /1520.jpg,0,train
violence /4098.jpg,1,train
non_violence /3992.jpg,0,train
violence /3975.jpg,1,train
violence /5030.jpg,1,train
violence /170.jpg,1,train
non_violence /3301.jpg,0,train
non_violence /3424.jpg,0,train
violence /4929.jpg,1,train
violence /2591.jpg,1,train
violence /1171.jpg,1,train
non_violence /4105.jpg,0,train
non_violence /4750.jpg,0,train
violence /5841.jpg,1,train
non_violence /4557.jpg,0,train
violence /4520.jpg,1,train
violence /5362.jpg,1,train
non_violence /428.jpg,0,train
non_violence /3072.jpg,0,train
non_violence /380.jpg,0,train
non_violence /4546.jpg,0,train
violence /4903.jpg,1,train
violence /4268.jpg,1,train
violence /4837.jpg,1,train
violence /1902.jpg,1,train
violence /1071.jpg,1,train
non_violence /2810.jpg,0,train
violence /4458.jpg,1,train
violence /4232.jpg,1,train
violence /124.jpg,1,train
violence /2234.jpg,1,train
non_violence /3711.jpg,0,train
non_violence /5127.jpg,0,train
violence /1039.jpg,1,train
violence /2652.jpg,1,train
non_violence /4579.jpg,0,train
violence /5101.jpg,1,train
non_violence /861.jpg,0,train
violence /2357.jpg,1,train
violence /4695.jpg,1,train
non_violence /4041.jpg,0,train
violence /3776.jpg,1,train
non_violence /121.jpg,0,train
violence /2364.jpg,1,train
violence /1578.jpg,1,train
violence /881.jpg,1,train
violence /3177.jpg,1,train
non_violence /4495.jpg,0,train
non_violence /5144.jpg,0,train
violence /1299.jpg,1,train
non_violence /1893.jpg,0,train
violence /3221.jpg,1,train
violence /3120.jpg,1,train
non_violence /3901.jpg,0,train
non_violence /2107.jpg,0,train
non_violence /3932.jpg,0,train
violence /3289.jpg,1,train
violence /2906.jpg,1,train
violence /1970.jpg,1,train
non_violence /4058.jpg,0,train
violence /5550.jpg,1,train
non_violence /2705.jpg,0,train
non_violence /4538.jpg,0,train
non_violence /565.jpg,0,train
non_violence /1235.jpg,0,train
non_violence /139.jpg,0,train
non_violence /2220.jpg,0,train
non_violence /395.jpg,0,train
violence /1599.jpg,1,train
non_violence /4167.jpg,0,train
non_violence /464.jpg,0,train
non_violence /2602.jpg,0,train
non_violence /4973.jpg,0,train
violence /712.jpg,1,train
violence /4311.jpg,1,train
non_violence /4071.jpg,0,train
violence /4401.jpg,1,train
non_violence /4281.jpg,0,train
violence /1139.jpg,1,train
non_violence /2297.jpg,0,train
non_violence /4292.jpg,0,train
non_violence /952.jpg,0,train
non_violence /4437.jpg,0,train
violence /4993.jpg,1,train
non_violence /4997.jpg,0,train
violence /4656.jpg,1,train
violence /2639.jpg,1,train
non_violence /439.jpg,0,train
violence /3681.jpg,1,train
non_violence /2002.jpg,0,train
non_violence /5212.jpg,0,train
non_violence /5152.jpg,0,train
violence /3286.jpg,1,train
violence /3471.jpg,1,train
non_violence /3214.jpg,0,train
violence /1892.jpg,1,train
non_violence /934.jpg,0,train
violence /369.jpg,1,train
violence /3089.jpg,1,train
violence /3161.jpg,1,train
non_violence /2054.jpg,0,train
violence /260.jpg,1,train
non_violence /3084.jpg,0,train
violence /1174.jpg,1,train
violence /3168.jpg,1,train
violence /3542.jpg,1,train
violence /5483.jpg,1,train
non_violence /2371.jpg,0,train
non_violence /2586.jpg,0,train
violence /2738.jpg,1,train
non_violence /2567.jpg,0,train
violence /5231.jpg,1,train
violence /5007.jpg,1,train
violence /391.jpg,1,train
non_violence /3474.jpg,0,train
non_violence /2680.jpg,0,train
non_violence /3451.jpg,0,train
non_violence /1741.jpg,0,train
non_violence /4117.jpg,0,train
violence /1516.jpg,1,train
non_violence /2710.jpg,0,train
violence /1285.jpg,1,train
non_violence /3557.jpg,0,train
violence /2960.jpg,1,train
violence /1741.jpg,1,train
non_violence /2091.jpg,0,train
violence /780.jpg,1,train
non_violence /731.jpg,0,train
non_violence /3765.jpg,0,train
non_violence /3086.jpg,0,train
violence /5035.jpg,1,train
non_violence /2948.jpg,0,train
violence /1456.jpg,1,train
non_violence /1639.jpg,0,train
non_violence /2711.jpg,0,train
violence /4933.jpg,1,train
non_violence /3467.jpg,0,train
non_violence /3212.jpg,0,train
non_violence /3366.jpg,0,train
violence /2199.jpg,1,train
non_violence /4591.jpg,0,train
violence /5179.jpg,1,train
non_violence /225.jpg,0,train
violence /4926.jpg,1,train
violence /650.jpg,1,train
violence /2529.jpg,1,train
non_violence /2011.jpg,0,train
non_violence /1276.jpg,0,train
violence /4637.jpg,1,train
violence /4274.jpg,1,train
violence /4221.jpg,1,train
violence /3327.jpg,1,train
violence /2286.jpg,1,train
non_violence /3847.jpg,0,train
non_violence /4748.jpg,0,train
violence /3241.jpg,1,train
violence /2349.jpg,1,train
violence /3864.jpg,1,train
non_violence /2040.jpg,0,train
non_violence /5187.jpg,0,train
violence /2982.jpg,1,train
violence /5311.jpg,1,train
non_violence /753.jpg,0,train
violence /3968.jpg,1,train
violence /1392.jpg,1,train
violence /2587.jpg,1,train
violence /5050.jpg,1,train
violence /2189.jpg,1,train
violence /3803.jpg,1,train
non_violence /2276.jpg,0,train
violence /1025.jpg,1,train
non_violence /285.jpg,0,train
non_violence /31.jpg,0,train
violence /918.jpg,1,train
violence /2085.jpg,1,train
non_violence /1014.jpg,0,train
violence /3986.jpg,1,train
non_violence /3063.jpg,0,train
non_violence /2838.jpg,0,train
violence /257.jpg,1,train
non_violence /2267.jpg,0,train
violence /645.jpg,1,train
violence /1638.jpg,1,train
violence /529.jpg,1,train
violence /4977.jpg,1,train
non_violence /886.jpg,0,train
non_violence /894.jpg,0,train
violence /5238.jpg,1,train
non_violence /3478.jpg,0,train
violence /2546.jpg,1,train
violence /1509.jpg,1,train
violence /5564.jpg,1,train
violence /1101.jpg,1,train
violence /3059.jpg,1,train
violence /208.jpg,1,train
non_violence /671.jpg,0,train
violence /3150.jpg,1,train
non_violence /2619.jpg,0,train
violence /2519.jpg,1,train
violence /3030.jpg,1,train
non_violence /4380.jpg,0,train
non_violence /2445.jpg,0,train
violence /1963.jpg,1,train
non_violence /3208.jpg,0,train
violence /5814.jpg,1,train
non_violence /2608.jpg,0,train
violence /4504.jpg,1,train
non_violence /2588.jpg,0,train
non_violence /3136.jpg,0,train
non_violence /5177.jpg,0,train
non_violence /4931.jpg,0,train
violence /2232.jpg,1,train
non_violence /4113.jpg,0,train
violence /86.jpg,1,train
violence /1236.jpg,1,train
violence /265.jpg,1,train
violence /4006.jpg,1,train
violence /3191.jpg,1,train
non_violence /1892.jpg,0,train
violence /4927.jpg,1,train
violence /4853.jpg,1,train
violence /5023.jpg,1,train
violence /544.jpg,1,train
violence /667.jpg,1,train
violence /1575.jpg,1,train
violence /1801.jpg,1,train
non_violence /3481.jpg,0,train
non_violence /2147.jpg,0,train
violence /5486.jpg,1,train
non_violence /1052.jpg,0,train
non_violence /1432.jpg,0,train
non_violence /1770.jpg,0,train
violence /2311.jpg,1,train
violence /1184.jpg,1,train
violence /27.jpg,1,train
violence /2877.jpg,1,train
non_violence /4883.jpg,0,train
violence /192.jpg,1,train
non_violence /5026.jpg,0,train
violence /5834.jpg,1,train
non_violence /1536.jpg,0,train
non_violence /1925.jpg,0,train
non_violence /1836.jpg,0,train
violence /1736.jpg,1,train
non_violence /931.jpg,0,train
violence /2607.jpg,1,train
violence /3586.jpg,1,train
violence /3116.jpg,1,train
non_violence /2977.jpg,0,train
non_violence /3983.jpg,0,train
violence /1261.jpg,1,train
violence /1055.jpg,1,train
non_violence /4769.jpg,0,train
violence /1445.jpg,1,train
non_violence /4615.jpg,0,train
violence /1187.jpg,1,train
violence /5475.jpg,1,train
non_violence /1349.jpg,0,train
violence /2068.jpg,1,train
violence /1913.jpg,1,train
violence /1661.jpg,1,train
violence /4625.jpg,1,train
non_violence /577.jpg,0,train
violence /148.jpg,1,train
violence /5569.jpg,1,train
violence /4521.jpg,1,train
violence /1517.jpg,1,train
violence /2309.jpg,1,train
violence /4789.jpg,1,train
violence /1510.jpg,1,train
violence /832.jpg,1,train
non_violence /137.jpg,0,train
violence /1190.jpg,1,train
non_violence /3833.jpg,0,train
non_violence /3300.jpg,0,train
non_violence /2741.jpg,0,train
violence /3308.jpg,1,train
violence /4297.jpg,1,train
non_violence /2265.jpg,0,train
violence /1270.jpg,1,train
violence /3190.jpg,1,train
violence /4881.jpg,1,train
non_violence /3864.jpg,0,train
non_violence /5030.jpg,0,train
violence /3824.jpg,1,train
violence /1947.jpg,1,train
non_violence /3708.jpg,0,train
violence /3703.jpg,1,train
violence /296.jpg,1,train
violence /4204.jpg,1,train
non_violence /3235.jpg,0,train
violence /1486.jpg,1,train
non_violence /430.jpg,0,train
violence /5198.jpg,1,train
non_violence /1630.jpg,0,train
non_violence /2131.jpg,0,train
violence /2740.jpg,1,train
violence /3210.jpg,1,train
violence /1997.jpg,1,train
non_violence /955.jpg,0,train
violence /2897.jpg,1,train
non_violence /1230.jpg,0,train
violence /225.jpg,1,train
violence /4376.jpg,1,train
violence /3057.jpg,1,train
violence /3736.jpg,1,train
violence /3227.jpg,1,train
non_violence /5089.jpg,0,train
non_violence /1410.jpg,0,train
non_violence /2395.jpg,0,train
violence /24.jpg,1,train
violence /1891.jpg,1,train
violence /4526.jpg,1,train
violence /3885.jpg,1,train
violence /4719.jpg,1,train
violence /2112.jpg,1,train
non_violence /887.jpg,0,train
violence /4980.jpg,1,train
non_violence /2284.jpg,0,train
non_violence /3223.jpg,0,train
violence /1008.jpg,1,train
non_violence /4123.jpg,0,train
non_violence /2868.jpg,0,train
non_violence /2155.jpg,0,train
violence /2265.jpg,1,train
violence /4253.jpg,1,train
non_violence /3205.jpg,0,train
non_violence /663.jpg,0,train
non_violence /2889.jpg,0,train
non_violence /4032.jpg,0,train
violence /5608.jpg,1,train
violence /4250.jpg,1,train
violence /3142.jpg,1,train
violence /5162.jpg,1,train
violence /2998.jpg,1,train
non_violence /4691.jpg,0,train
non_violence /5012.jpg,0,train
non_violence /1511.jpg,0,train
non_violence /2633.jpg,0,train
violence /254.jpg,1,train
violence /5336.jpg,1,train
non_violence /3113.jpg,0,train
violence /5273.jpg,1,train
violence /147.jpg,1,train
non_violence /2790.jpg,0,train
violence /5358.jpg,1,train
violence /835.jpg,1,train
non_violence /1031.jpg,0,train
violence /584.jpg,1,train
non_violence /4533.jpg,0,train
violence /5460.jpg,1,train
non_violence /4683.jpg,0,train
violence /3212.jpg,1,train
non_violence /3543.jpg,0,train
violence /3541.jpg,1,train
violence /3407.jpg,1,train
violence /4944.jpg,1,train
violence /5756.jpg,1,train
violence /4041.jpg,1,train
violence /704.jpg,1,train
violence /2523.jpg,1,train
non_violence /4496.jpg,0,train
non_violence /2121.jpg,0,train
non_violence /308.jpg,0,train
violence /1092.jpg,1,train
violence /2506.jpg,1,train
violence /4737.jpg,1,train
non_violence /1095.jpg,0,train
violence /3594.jpg,1,train
violence /4130.jpg,1,train
violence /4941.jpg,1,train
non_violence /4330.jpg,0,train
violence /282.jpg,1,train
non_violence /4684.jpg,0,train
non_violence /2092.jpg,0,train
non_violence /1405.jpg,0,train
violence /4032.jpg,1,train
non_violence /492.jpg,0,train
violence /2202.jpg,1,train
violence /1884.jpg,1,train
violence /1352.jpg,1,train
non_violence /3293.jpg,0,train
violence /640.jpg,1,train
violence /416.jpg,1,train
non_violence /3082.jpg,0,train
violence /1869.jpg,1,train
non_violence /1976.jpg,0,train
violence /1281.jpg,1,train
violence /2912.jpg,1,train
non_violence /4295.jpg,0,train
violence /2233.jpg,1,train
non_violence /206.jpg,0,train
violence /5232.jpg,1,train
non_violence /2317.jpg,0,train
violence /5309.jpg,1,train
violence /1803.jpg,1,train
violence /1588.jpg,1,train
violence /4074.jpg,1,train
violence /2395.jpg,1,train
violence /933.jpg,1,train
violence /1209.jpg,1,train
non_violence /1778.jpg,0,train
violence /306.jpg,1,train
violence /604.jpg,1,train
non_violence /734.jpg,0,train
violence /5285.jpg,1,train
violence /5505.jpg,1,train
violence /4769.jpg,1,train
non_violence /1497.jpg,0,train
violence /4964.jpg,1,train
violence /2210.jpg,1,train
violence /3802.jpg,1,train
violence /2758.jpg,1,train
violence /2887.jpg,1,train
non_violence /2031.jpg,0,train
violence /3560.jpg,1,train
violence /1805.jpg,1,train
non_violence /4517.jpg,0,train
violence /1356.jpg,1,train
non_violence /1304.jpg,0,train
non_violence /2127.jpg,0,train
violence /1434.jpg,1,train
non_violence /1751.jpg,0,train
non_violence /4173.jpg,0,train
non_violence /3379.jpg,0,train
non_violence /1687.jpg,0,train
violence /3543.jpg,1,train
violence /5031.jpg,1,train
violence /775.jpg,1,train
non_violence /1719.jpg,0,train
non_violence /2837.jpg,0,train
non_violence /781.jpg,0,train
non_violence /1.jpg,0,train
non_violence /4080.jpg,0,train
violence /5324.jpg,1,train
non_violence /4215.jpg,0,train
violence /3135.jpg,1,train
violence /3990.jpg,1,train
violence /3834.jpg,1,train
non_violence /1118.jpg,0,train
non_violence /5182.jpg,0,train
violence /2080.jpg,1,train
violence /3912.jpg,1,train
non_violence /4083.jpg,0,train
non_violence /5013.jpg,0,train
non_violence /4227.jpg,0,train
non_violence /2293.jpg,0,train
violence /4735.jpg,1,train
violence /1522.jpg,1,train
non_violence /790.jpg,0,train
non_violence /4526.jpg,0,train
non_violence /858.jpg,0,train
non_violence /486.jpg,0,train
non_violence /483.jpg,0,train
violence /2466.jpg,1,train
violence /5591.jpg,1,train
non_violence /2065.jpg,0,train
violence /435.jpg,1,train
violence /4061.jpg,1,train
violence /2209.jpg,1,train
non_violence /4918.jpg,0,train
violence /1659.jpg,1,train
non_violence /5017.jpg,0,train
non_violence /1830.jpg,0,train
non_violence /4011.jpg,0,train
violence /3017.jpg,1,train
violence /657.jpg,1,train
violence /2966.jpg,1,train
violence /5391.jpg,1,train
violence /199.jpg,1,train
non_violence /3127.jpg,0,train
violence /668.jpg,1,train
violence /2361.jpg,1,train
violence /1067.jpg,1,train
violence /2087.jpg,1,train
non_violence /4206.jpg,0,train
violence /4055.jpg,1,train
violence /2377.jpg,1,train
violence /415.jpg,1,train
non_violence /4286.jpg,0,train
violence /2222.jpg,1,train
non_violence /4874.jpg,0,train
non_violence /4651.jpg,0,train
violence /4286.jpg,1,train
violence /1296.jpg,1,train
violence /2343.jpg,1,train
violence /1598.jpg,1,train
violence /2829.jpg,1,train
non_violence /84.jpg,0,train
violence /2034.jpg,1,train
violence /946.jpg,1,train
violence /1787.jpg,1,train
non_violence /1401.jpg,0,train
non_violence /4758.jpg,0,train
non_violence /326.jpg,0,train
non_violence /4144.jpg,0,train
violence /2212.jpg,1,train
violence /4335.jpg,1,train
violence /5581.jpg,1,train
non_violence /1979.jpg,0,train
violence /590.jpg,1,train
violence /4620.jpg,1,train
violence /1846.jpg,1,train
non_violence /2975.jpg,0,train
violence /4793.jpg,1,train
non_violence /3968.jpg,0,train
violence /91.jpg,1,train
violence /5458.jpg,1,train
non_violence /2280.jpg,0,train
violence /4828.jpg,1,train
non_violence /3156.jpg,0,train
non_violence /3339.jpg,0,train
violence /2300.jpg,1,train
violence /3078.jpg,1,train
non_violence /3362.jpg,0,train
non_violence /1229.jpg,0,train
non_violence /1098.jpg,0,train
violence /4209.jpg,1,train
non_violence /176.jpg,0,train
violence /5427.jpg,1,train
non_violence /4797.jpg,0,train
violence /994.jpg,1,train
violence /312.jpg,1,train
violence /2250.jpg,1,train
violence /2572.jpg,1,train
violence /552.jpg,1,train
non_violence /732.jpg,0,train
non_violence /3756.jpg,0,train
violence /537.jpg,1,train
violence /5401.jpg,1,train
non_violence /1648.jpg,0,train
violence /3034.jpg,1,train
non_violence /3815.jpg,0,train
violence /3888.jpg,1,train
non_violence /908.jpg,0,train
violence /3722.jpg,1,train
violence /3772.jpg,1,train
non_violence /1409.jpg,0,train
non_violence /1143.jpg,0,train
violence /3355.jpg,1,train
non_violence /3816.jpg,0,train
violence /4012.jpg,1,train
non_violence /4919.jpg,0,train
violence /1880.jpg,1,train
violence /2029.jpg,1,train
non_violence /4642.jpg,0,train
violence /4247.jpg,1,train
non_violence /4514.jpg,0,train
violence /2208.jpg,1,train
violence /2988.jpg,1,train
violence /5580.jpg,1,train
violence /5827.jpg,1,train
non_violence /386.jpg,0,train
non_violence /2285.jpg,0,train
non_violence /3457.jpg,0,train
violence /3820.jpg,1,train
non_violence /2562.jpg,0,train
non_violence /4224.jpg,0,train
violence /910.jpg,1,train
violence /5061.jpg,1,train
non_violence /3849.jpg,0,train
non_violence /2631.jpg,0,train
non_violence /462.jpg,0,train
non_violence /3545.jpg,0,train
violence /3465.jpg,1,train
non_violence /1163.jpg,0,train
non_violence /4522.jpg,0,train
non_violence /4598.jpg,0,train
violence /1364.jpg,1,train
non_violence /3862.jpg,0,train
violence /430.jpg,1,train
violence /1660.jpg,1,train
non_violence /2286.jpg,0,train
non_violence /1292.jpg,0,train
violence /3224.jpg,1,train
non_violence /1335.jpg,0,train
violence /1250.jpg,1,train
non_violence /3550.jpg,0,train
violence /5429.jpg,1,train
violence /2435.jpg,1,train
violence /2622.jpg,1,train
violence /4203.jpg,1,train
violence /4050.jpg,1,train
violence /3891.jpg,1,train
non_violence /3585.jpg,0,train
non_violence /1374.jpg,0,train
non_violence /2973.jpg,0,train
violence /1009.jpg,1,train
non_violence /1862.jpg,0,train
violence /5234.jpg,1,train
non_violence /3023.jpg,0,train
violence /4183.jpg,1,train
violence /4876.jpg,1,train
violence /63.jpg,1,train
non_violence /988.jpg,0,train
violence /3410.jpg,1,train
violence /1572.jpg,1,train
non_violence /2132.jpg,0,train
violence /794.jpg,1,train
non_violence /1387.jpg,0,train
violence /5565.jpg,1,train
non_violence /2269.jpg,0,train
violence /1552.jpg,1,train
violence /4127.jpg,1,train
violence /261.jpg,1,train
violence /4485.jpg,1,train
violence /3995.jpg,1,train
non_violence /2262.jpg,0,train
violence /3254.jpg,1,train
violence /1550.jpg,1,train
violence /4171.jpg,1,train
non_violence /2883.jpg,0,train
non_violence /919.jpg,0,train
violence /475.jpg,1,train
non_violence /104.jpg,0,train
non_violence /4754.jpg,0,train
non_violence /2618.jpg,0,train
non_violence /4853.jpg,0,train
violence /1202.jpg,1,train
violence /65.jpg,1,train
non_violence /2003.jpg,0,train
violence /3558.jpg,1,train
non_violence /4560.jpg,0,train
violence /1026.jpg,1,train
non_violence /4158.jpg,0,train
violence /4040.jpg,1,train
non_violence /1800.jpg,0,train
non_violence /1358.jpg,0,train
violence /896.jpg,1,train
non_violence /2621.jpg,0,train
non_violence /1314.jpg,0,train
violence /387.jpg,1,train
non_violence /1438.jpg,0,train
non_violence /1274.jpg,0,train
non_violence /2450.jpg,0,train
non_violence /444.jpg,0,train
non_violence /4089.jpg,0,train
violence /3074.jpg,1,train
non_violence /4461.jpg,0,train
non_violence /4377.jpg,0,train
violence /5227.jpg,1,train
violence /1532.jpg,1,train
non_violence /3657.jpg,0,train
violence /291.jpg,1,train
violence /2263.jpg,1,train
violence /3369.jpg,1,train
violence /3128.jpg,1,train
violence /2675.jpg,1,train
violence /3020.jpg,1,train
violence /1220.jpg,1,train
violence /553.jpg,1,train
violence /834.jpg,1,train
violence /5054.jpg,1,train
violence /4386.jpg,1,train
violence /742.jpg,1,train
non_violence /2084.jpg,0,train
violence /2749.jpg,1,train
violence /1074.jpg,1,train
violence /2138.jpg,1,train
violence /1770.jpg,1,train
violence /1673.jpg,1,train
non_violence /708.jpg,0,train
violence /1501.jpg,1,train
non_violence /2282.jpg,0,train
non_violence /4488.jpg,0,train
non_violence /1933.jpg,0,train
non_violence /975.jpg,0,train
violence /2365.jpg,1,train
violence /4415.jpg,1,train
non_violence /1546.jpg,0,train
violence /1306.jpg,1,train
non_violence /3102.jpg,0,train
violence /1853.jpg,1,train
non_violence /4558.jpg,0,train
violence /2990.jpg,1,train
non_violence /3443.jpg,0,train
non_violence /2364.jpg,0,train
violence /2531.jpg,1,train
violence /54.jpg,1,train
violence /5548.jpg,1,train
violence /3623.jpg,1,train
violence /5367.jpg,1,train
non_violence /1109.jpg,0,train
violence /4217.jpg,1,train
violence /663.jpg,1,train
violence /1090.jpg,1,train
violence /2825.jpg,1,train
violence /3433.jpg,1,train
violence /2732.jpg,1,train
violence /932.jpg,1,train
non_violence /5000.jpg,0,train
violence /2464.jpg,1,train
violence /2521.jpg,1,train
non_violence /503.jpg,0,train
violence /4212.jpg,1,train
violence /1158.jpg,1,train
violence /631.jpg,1,train
non_violence /4937.jpg,0,train
violence /5160.jpg,1,train
non_violence /1888.jpg,0,train
non_violence /300.jpg,0,train
non_violence /1699.jpg,0,train
non_violence /3287.jpg,0,train
violence /2146.jpg,1,train
non_violence /507.jpg,0,train
violence /967.jpg,1,train
non_violence /56.jpg,0,train
non_violence /2604.jpg,0,train
non_violence /2141.jpg,0,train
non_violence /5031.jpg,0,train
non_violence /2137.jpg,0,train
violence /4316.jpg,1,train
violence /2974.jpg,1,train
violence /4659.jpg,1,train
non_violence /4963.jpg,0,train
non_violence /472.jpg,0,train
violence /354.jpg,1,train
violence /5087.jpg,1,train
violence /3457.jpg,1,train
non_violence /603.jpg,0,train
non_violence /2504.jpg,0,train
violence /1043.jpg,1,train
non_violence /1157.jpg,0,train
non_violence /2142.jpg,0,train
violence /5257.jpg,1,train
non_violence /4197.jpg,0,train
non_violence /4672.jpg,0,train
non_violence /2024.jpg,0,train
violence /360.jpg,1,train
violence /2804.jpg,1,train
violence /1637.jpg,1,train
non_violence /3822.jpg,0,train
violence /1933.jpg,1,train
non_violence /4127.jpg,0,train
non_violence /1096.jpg,0,train
violence /4706.jpg,1,train
non_violence /4804.jpg,0,train
non_violence /520.jpg,0,train
non_violence /4648.jpg,0,train
non_violence /2402.jpg,0,train
violence /5568.jpg,1,train
non_violence /936.jpg,0,train
non_violence /4104.jpg,0,train
violence /3087.jpg,1,train
non_violence /5006.jpg,0,train
violence /2388.jpg,1,train
violence /5346.jpg,1,train
non_violence /1255.jpg,0,train
violence /944.jpg,1,train
non_violence /2083.jpg,0,train
violence /241.jpg,1,train
violence /3123.jpg,1,train
violence /1957.jpg,1,train
non_violence /1889.jpg,0,train
non_violence /600.jpg,0,train
violence /4123.jpg,1,train
non_violence /1415.jpg,0,train
violence /5695.jpg,1,train
violence /2561.jpg,1,train
violence /193.jpg,1,train
non_violence /1461.jpg,0,train
violence /2107.jpg,1,train
non_violence /280.jpg,0,train
non_violence /1197.jpg,0,train
non_violence /1042.jpg,0,train
violence /5003.jpg,1,train
non_violence /4946.jpg,0,train
non_violence /1853.jpg,0,train
non_violence /4518.jpg,0,train
violence /1689.jpg,1,train
non_violence /362.jpg,0,train
violence /4013.jpg,1,train
non_violence /1454.jpg,0,train
non_violence /531.jpg,0,train
violence /215.jpg,1,train
non_violence /3388.jpg,0,train
non_violence /647.jpg,0,train
violence /2894.jpg,1,train
violence /3884.jpg,1,train
violence /2345.jpg,1,train
non_violence /3228.jpg,0,train
non_violence /2957.jpg,0,train
non_violence /4247.jpg,0,train
violence /4198.jpg,1,train
non_violence /2984.jpg,0,train
non_violence /4013.jpg,0,train
violence /145.jpg,1,train
violence /938.jpg,1,train
non_violence /90.jpg,0,train
non_violence /3303.jpg,0,train
violence /5408.jpg,1,train
violence /3011.jpg,1,train
violence /5510.jpg,1,train
violence /3446.jpg,1,train
violence /4786.jpg,1,train
violence /3633.jpg,1,train
non_violence /3881.jpg,0,train
non_violence /1045.jpg,0,train
non_violence /4633.jpg,0,train
non_violence /3626.jpg,0,train
violence /5532.jpg,1,train
violence /3503.jpg,1,train
non_violence /5151.jpg,0,train
non_violence /1017.jpg,0,train
violence /5199.jpg,1,train
violence /2480.jpg,1,train
non_violence /3252.jpg,0,train
violence /1998.jpg,1,train
violence /4049.jpg,1,train
violence /2688.jpg,1,train
violence /5276.jpg,1,train
violence /4169.jpg,1,train
non_violence /332.jpg,0,train
violence /3098.jpg,1,train
violence /2194.jpg,1,train
non_violence /63.jpg,0,train
violence /4466.jpg,1,train
non_violence /1232.jpg,0,train
violence /680.jpg,1,train
violence /3455.jpg,1,train
non_violence /4000.jpg,0,train
non_violence /801.jpg,0,train
violence /5139.jpg,1,train
violence /1651.jpg,1,train
violence /5174.jpg,1,train
violence /2659.jpg,1,train
non_violence /163.jpg,0,train
violence /126.jpg,1,train
non_violence /243.jpg,0,train
non_violence /3782.jpg,0,train
violence /3443.jpg,1,train
violence /2041.jpg,1,train
violence /942.jpg,1,train
non_violence /654.jpg,0,train
violence /394.jpg,1,train
violence /1855.jpg,1,train
violence /2593.jpg,1,train
non_violence /2219.jpg,0,train
violence /1410.jpg,1,train
violence /5349.jpg,1,train
violence /3473.jpg,1,train
violence /3305.jpg,1,train
violence /1440.jpg,1,train
violence /390.jpg,1,train
non_violence /4115.jpg,0,train
non_violence /387.jpg,0,train
non_violence /1284.jpg,0,train
non_violence /3232.jpg,0,train
violence /1036.jpg,1,train
non_violence /2209.jpg,0,train
non_violence /4607.jpg,0,train
violence /4767.jpg,1,train
violence /2656.jpg,1,train
violence /1474.jpg,1,train
non_violence /4062.jpg,0,train
violence /5482.jpg,1,train
violence /4563.jpg,1,train
non_violence /4668.jpg,0,train
violence /2873.jpg,1,train
violence /538.jpg,1,train
violence /3234.jpg,1,train
non_violence /194.jpg,0,train
violence /2992.jpg,1,train
non_violence /2954.jpg,0,train
non_violence /316.jpg,0,train
violence /1015.jpg,1,train
non_violence /1927.jpg,0,train
violence /2440.jpg,1,train
violence /4319.jpg,1,train
non_violence /2240.jpg,0,train
non_violence /772.jpg,0,train
non_violence /1389.jpg,0,train
non_violence /22.jpg,0,train
non_violence /4733.jpg,0,train
violence /3395.jpg,1,train
non_violence /3391.jpg,0,train
non_violence /4519.jpg,0,train
violence /4078.jpg,1,train
violence /4128.jpg,1,train
violence /1557.jpg,1,train
violence /2712.jpg,1,train
violence /5599.jpg,1,train
violence /716.jpg,1,train
violence /1316.jpg,1,train
violence /2126.jpg,1,train
violence /1876.jpg,1,train
violence /1091.jpg,1,train
non_violence /4021.jpg,0,train
non_violence /1160.jpg,0,train
non_violence /4652.jpg,0,train
violence /2895.jpg,1,train
non_violence /5227.jpg,0,train
violence /772.jpg,1,train
non_violence /1473.jpg,0,train
non_violence /3610.jpg,0,train
non_violence /3565.jpg,0,train
violence /3141.jpg,1,train
violence /4385.jpg,1,train
non_violence /2773.jpg,0,train
non_violence /2970.jpg,0,train
non_violence /5133.jpg,0,train
violence /4761.jpg,1,train
non_violence /1902.jpg,0,train
violence /1655.jpg,1,train
non_violence /808.jpg,0,train
non_violence /1316.jpg,0,train
violence /5786.jpg,1,train
violence /3873.jpg,1,train
violence /4642.jpg,1,train
non_violence /2733.jpg,0,train
non_violence /505.jpg,0,train
non_violence /4074.jpg,0,train
non_violence /3263.jpg,0,train
violence /943.jpg,1,train
non_violence /805.jpg,0,train
non_violence /2222.jpg,0,train
violence /1973.jpg,1,train
non_violence /1357.jpg,0,train
violence /56.jpg,1,train
non_violence /4960.jpg,0,train
non_violence /1521.jpg,0,train
non_violence /3975.jpg,0,train
violence /1338.jpg,1,train
violence /111.jpg,1,train
non_violence /3035.jpg,0,train
non_violence /153.jpg,0,train
non_violence /3482.jpg,0,train
violence /5217.jpg,1,train
non_violence /4971.jpg,0,train
violence /3552.jpg,1,train
violence /301.jpg,1,train
non_violence /421.jpg,0,train
violence /3657.jpg,1,train
violence /5604.jpg,1,train
non_violence /517.jpg,0,train
non_violence /736.jpg,0,train
violence /5838.jpg,1,train
non_violence /4986.jpg,0,train
violence /2527.jpg,1,train
violence /3945.jpg,1,train
non_violence /182.jpg,0,train
non_violence /2855.jpg,0,train
violence /2538.jpg,1,train
violence /1719.jpg,1,train
violence /72.jpg,1,train
non_violence /1348.jpg,0,train
non_violence /490.jpg,0,train
non_violence /2967.jpg,0,train
non_violence /4001.jpg,0,train
violence /4120.jpg,1,train
non_violence /1066.jpg,0,train
non_violence /2656.jpg,0,train
non_violence /1704.jpg,0,train
violence /1313.jpg,1,train
violence /2170.jpg,1,train
violence /4350.jpg,1,train
violence /2225.jpg,1,train
non_violence /2234.jpg,0,train
violence /4502.jpg,1,train
violence /4673.jpg,1,train
violence /3899.jpg,1,train
violence /4083.jpg,1,train
non_violence /412.jpg,0,train
non_violence /1569.jpg,0,train
non_violence /3473.jpg,0,train
violence /2875.jpg,1,train
non_violence /1280.jpg,0,train
violence /1543.jpg,1,train
non_violence /1620.jpg,0,train
non_violence /2404.jpg,0,train
non_violence /4961.jpg,0,train
non_violence /233.jpg,0,train
non_violence /3634.jpg,0,train
non_violence /178.jpg,0,train
violence /2801.jpg,1,train
non_violence /1231.jpg,0,train
non_violence /726.jpg,0,train
violence /1032.jpg,1,train
violence /5631.jpg,1,train
non_violence /4283.jpg,0,train
violence /40.jpg,1,train
violence /963.jpg,1,train
violence /366.jpg,1,train
non_violence /3326.jpg,0,train
non_violence /20.jpg,0,train
violence /3312.jpg,1,train
non_violence /427.jpg,0,train
non_violence /1210.jpg,0,train
violence /978.jpg,1,train
violence /5635.jpg,1,train
non_violence /2715.jpg,0,train
violence /3593.jpg,1,train
violence /3546.jpg,1,train
non_violence /2561.jpg,0,train
violence /5116.jpg,1,train
non_violence /1638.jpg,0,train
violence /5795.jpg,1,train
violence /2911.jpg,1,train
violence /5141.jpg,1,train
non_violence /1866.jpg,0,train
violence /5188.jpg,1,train
violence /1569.jpg,1,train
violence /777.jpg,1,train
non_violence /1604.jpg,0,train
non_violence /4438.jpg,0,train
non_violence /514.jpg,0,train
non_violence /2617.jpg,0,train
violence /2046.jpg,1,train
violence /543.jpg,1,train
non_violence /4351.jpg,0,train
violence /3266.jpg,1,train
violence /1315.jpg,1,train
violence /815.jpg,1,train
violence /2715.jpg,1,train
violence /50.jpg,1,train
non_violence /3761.jpg,0,train
violence /2180.jpg,1,train
non_violence /2740.jpg,0,train
violence /1582.jpg,1,train
non_violence /496.jpg,0,train
non_violence /941.jpg,0,train
violence /4143.jpg,1,train
violence /1347.jpg,1,train
non_violence /4734.jpg,0,train
violence /1282.jpg,1,train
non_violence /1858.jpg,0,train
non_violence /1863.jpg,0,train
violence /2031.jpg,1,train
non_violence /409.jpg,0,train
non_violence /4573.jpg,0,train
non_violence /4838.jpg,0,train
non_violence /2378.jpg,0,train
violence /368.jpg,1,train
non_violence /5114.jpg,0,train
non_violence /4195.jpg,0,train
violence /3526.jpg,1,train
violence /2511.jpg,1,train
violence /706.jpg,1,train
violence /1646.jpg,1,train
non_violence /3115.jpg,0,train
violence /2252.jpg,1,train
non_violence /945.jpg,0,train
non_violence /4711.jpg,0,train
non_violence /2283.jpg,0,train
violence /2820.jpg,1,train
violence /440.jpg,1,train
violence /5037.jpg,1,train
violence /1490.jpg,1,train
violence /4051.jpg,1,train
non_violence /4106.jpg,0,train
violence /2410.jpg,1,train
non_violence /2335.jpg,0,train
violence /3211.jpg,1,train
non_violence /585.jpg,0,train
violence /3924.jpg,1,train
non_violence /108.jpg,0,train
non_violence /3628.jpg,0,train
non_violence /1278.jpg,0,train
non_violence /1981.jpg,0,train
violence /3028.jpg,1,train
non_violence /1522.jpg,0,train
violence /1847.jpg,1,train
non_violence /853.jpg,0,train
non_violence /5134.jpg,0,train
violence /5088.jpg,1,train
violence /4499.jpg,1,train
non_violence /4677.jpg,0,train
violence /5535.jpg,1,train
non_violence /3809.jpg,0,train
non_violence /1612.jpg,0,train
violence /4476.jpg,1,train
violence /4919.jpg,1,train
non_violence /548.jpg,0,train
non_violence /3575.jpg,0,train
non_violence /4583.jpg,0,train
violence /4218.jpg,1,train
non_violence /2239.jpg,0,train
non_violence /2114.jpg,0,train
non_violence /4600.jpg,0,train
violence /2532.jpg,1,train
non_violence /4939.jpg,0,train
non_violence /1684.jpg,0,train
violence /1487.jpg,1,train
non_violence /971.jpg,0,train
violence /4481.jpg,1,train
violence /315.jpg,1,train
violence /2678.jpg,1,train
violence /3727.jpg,1,train
violence /4461.jpg,1,train
non_violence /4645.jpg,0,train
non_violence /5218.jpg,0,train
violence /3795.jpg,1,train
violence /234.jpg,1,train
violence /4770.jpg,1,train
non_violence /1193.jpg,0,train
non_violence /3923.jpg,0,train
non_violence /3201.jpg,0,train
non_violence /1313.jpg,0,train
violence /4233.jpg,1,train
violence /5108.jpg,1,train
violence /3297.jpg,1,train
violence /4591.jpg,1,train
violence /2928.jpg,1,train
non_violence /3016.jpg,0,train
non_violence /3095.jpg,0,train
violence /1748.jpg,1,train
non_violence /3355.jpg,0,train
non_violence /4698.jpg,0,train
violence /408.jpg,1,train
non_violence /2856.jpg,0,train
non_violence /94.jpg,0,train
non_violence /1256.jpg,0,train
non_violence /3323.jpg,0,train
violence /4794.jpg,1,train
non_violence /221.jpg,0,train
non_violence /4893.jpg,0,train
violence /4825.jpg,1,train
non_violence /4620.jpg,0,train
non_violence /1082.jpg,0,train
violence /1088.jpg,1,train
violence /831.jpg,1,train
non_violence /1185.jpg,0,train
non_violence /3771.jpg,0,train
non_violence /4084.jpg,0,train
non_violence /998.jpg,0,train
violence /1038.jpg,1,train
violence /3159.jpg,1,train
violence /0.jpg,1,train
violence /1072.jpg,1,train
non_violence /4311.jpg,0,train
non_violence /2322.jpg,0,train
violence /2469.jpg,1,train
violence /4321.jpg,1,train
violence /2515.jpg,1,train
violence /3255.jpg,1,train
non_violence /3935.jpg,0,train
violence /2979.jpg,1,train
non_violence /3112.jpg,0,train
non_violence /2944.jpg,0,train
violence /3638.jpg,1,train
non_violence /1124.jpg,0,train
violence /5640.jpg,1,train
violence /2797.jpg,1,train
non_violence /3758.jpg,0,train
non_violence /3437.jpg,0,train
non_violence /3322.jpg,0,train
violence /4873.jpg,1,train
non_violence /670.jpg,0,train
violence /1595.jpg,1,train
non_violence /4284.jpg,0,train
violence /2681.jpg,1,train
non_violence /4275.jpg,0,train
violence /3222.jpg,1,train
violence /4367.jpg,1,train
violence /2764.jpg,1,train
violence /4703.jpg,1,train
non_violence /3718.jpg,0,train
non_violence /5197.jpg,0,train
violence /3538.jpg,1,train
violence /2167.jpg,1,train
non_violence /4531.jpg,0,train
non_violence /3712.jpg,0,train
non_violence /4020.jpg,0,train
violence /995.jpg,1,train
non_violence /2943.jpg,0,train
non_violence /4370.jpg,0,train
non_violence /4174.jpg,0,train
violence /874.jpg,1,train
non_violence /812.jpg,0,train
non_violence /3173.jpg,0,train
non_violence /3407.jpg,0,train
non_violence /1282.jpg,0,train
violence /5562.jpg,1,train
violence /4864.jpg,1,train
non_violence /1394.jpg,0,train
violence /4273.jpg,1,train
non_violence /1877.jpg,0,train
non_violence /1273.jpg,0,train
violence /5657.jpg,1,train
non_violence /2763.jpg,0,train
violence /3258.jpg,1,train
violence /1743.jpg,1,train
violence /756.jpg,1,train
violence /2812.jpg,1,train
non_violence /5073.jpg,0,train
violence /2657.jpg,1,train
violence /767.jpg,1,train
non_violence /5065.jpg,0,train
violence /830.jpg,1,train
violence /5598.jpg,1,train
violence /484.jpg,1,train
non_violence /4316.jpg,0,train
non_violence /4382.jpg,0,train
violence /95.jpg,1,train
violence /4610.jpg,1,train
non_violence /3793.jpg,0,train
violence /2989.jpg,1,train
violence /1961.jpg,1,train
non_violence /2614.jpg,0,train
non_violence /3817.jpg,0,train
non_violence /3697.jpg,0,train
non_violence /413.jpg,0,train
non_violence /4501.jpg,0,train
violence /5247.jpg,1,train
violence /323.jpg,1,train
non_violence /3289.jpg,0,train
violence /4447.jpg,1,train
non_violence /4731.jpg,0,train
non_violence /4865.jpg,0,train
violence /3250.jpg,1,train
non_violence /126.jpg,0,train
violence /1324.jpg,1,train
non_violence /4423.jpg,0,train
non_violence /119.jpg,0,train
violence /1181.jpg,1,train
violence /3450.jpg,1,train
non_violence /2004.jpg,0,train
violence /5730.jpg,1,train
non_violence /933.jpg,0,train
violence /3893.jpg,1,train
non_violence /3273.jpg,0,train
violence /3967.jpg,1,train
violence /5520.jpg,1,train
non_violence /1208.jpg,0,train
violence /205.jpg,1,train
non_violence /720.jpg,0,train
violence /3384.jpg,1,train
violence /452.jpg,1,train
violence /1820.jpg,1,train
violence /1105.jpg,1,train
violence /3830.jpg,1,train
non_violence /3544.jpg,0,train
violence /2020.jpg,1,train
violence /1227.jpg,1,train
non_violence /4017.jpg,0,train
non_violence /2207.jpg,0,train
violence /5600.jpg,1,train
violence /3454.jpg,1,train
non_violence /591.jpg,0,train
violence /1283.jpg,1,train
violence /5149.jpg,1,train
violence /1621.jpg,1,train
violence /2001.jpg,1,train
violence /2496.jpg,1,train
violence /2676.jpg,1,train
non_violence /2829.jpg,0,train
non_violence /2077.jpg,0,train
violence /209.jpg,1,train
violence /4412.jpg,1,train
non_violence /3321.jpg,0,train
non_violence /1724.jpg,0,train
non_violence /4824.jpg,0,train
non_violence /1198.jpg,0,train
non_violence /2921.jpg,0,train
violence /5737.jpg,1,train
violence /3778.jpg,1,train
non_violence /1441.jpg,0,train
violence /429.jpg,1,train
non_violence /24.jpg,0,train
violence /1291.jpg,1,train
non_violence /3364.jpg,0,train
violence /3760.jpg,1,train
violence /2283.jpg,1,train
violence /2624.jpg,1,train
violence /2556.jpg,1,train
non_violence /2467.jpg,0,train
violence /839.jpg,1,train
non_violence /1701.jpg,0,train
non_violence /2324.jpg,0,train
non_violence /2895.jpg,0,train
non_violence /1398.jpg,0,train
non_violence /2361.jpg,0,train
violence /3788.jpg,1,train
non_violence /2291.jpg,0,train
non_violence /2000.jpg,0,train
violence /4425.jpg,1,train
violence /1584.jpg,1,train
violence /3187.jpg,1,train
violence /4594.jpg,1,train
violence /3077.jpg,1,train
non_violence /2997.jpg,0,train
non_violence /3460.jpg,0,train
violence /617.jpg,1,train
violence /2059.jpg,1,train
violence /2782.jpg,1,train
non_violence /4201.jpg,0,train
non_violence /3146.jpg,0,train
violence /950.jpg,1,train
violence /2069.jpg,1,train
violence /466.jpg,1,train
non_violence /4718.jpg,0,train
violence /3596.jpg,1,train
violence /3711.jpg,1,train
non_violence /3903.jpg,0,train
non_violence /4196.jpg,0,train
non_violence /1145.jpg,0,train
violence /1710.jpg,1,train
non_violence /1796.jpg,0,train
non_violence /4762.jpg,0,train
violence /3771.jpg,1,train
non_violence /286.jpg,0,train
non_violence /1717.jpg,0,train
non_violence /416.jpg,0,train
violence /137.jpg,1,train
non_violence /2911.jpg,0,train
non_violence /629.jpg,0,train
violence /3263.jpg,1,train
violence /5040.jpg,1,train
violence /3539.jpg,1,train
violence /4545.jpg,1,train
violence /4641.jpg,1,train
non_violence /942.jpg,0,train
non_violence /3958.jpg,0,train
non_violence /1003.jpg,0,train
violence /2084.jpg,1,train
non_violence /1330.jpg,0,train
violence /4692.jpg,1,train
violence /3981.jpg,1,train
violence /5214.jpg,1,train
violence /4508.jpg,1,train
violence /375.jpg,1,train
non_violence /889.jpg,0,train
non_violence /1382.jpg,0,train
non_violence /4779.jpg,0,train
violence /1793.jpg,1,train
violence /1154.jpg,1,train
non_violence /307.jpg,0,train
non_violence /4136.jpg,0,train
non_violence /4210.jpg,0,train
violence /4757.jpg,1,train
violence /3750.jpg,1,train
non_violence /2816.jpg,0,train
non_violence /4145.jpg,0,train
non_violence /3276.jpg,0,train
non_violence /1844.jpg,0,train
violence /5405.jpg,1,train
violence /5150.jpg,1,train
violence /3423.jpg,1,train
non_violence /55.jpg,0,train
non_violence /4489.jpg,0,train
non_violence /1942.jpg,0,train
non_violence /3166.jpg,0,train
violence /5371.jpg,1,train
non_violence /1262.jpg,0,train
violence /4373.jpg,1,train
violence /1446.jpg,1,train
non_violence /3057.jpg,0,train
violence /2014.jpg,1,train
non_violence /3594.jpg,0,train
violence /4552.jpg,1,train
non_violence /3984.jpg,0,train
non_violence /4799.jpg,0,train
violence /2081.jpg,1,train
violence /3866.jpg,1,train
non_violence /4181.jpg,0,train
non_violence /4194.jpg,0,train
non_violence /2347.jpg,0,train
violence /5096.jpg,1,train
non_violence /4374.jpg,0,train
non_violence /2843.jpg,0,train
violence /4244.jpg,1,train
violence /3729.jpg,1,train
non_violence /3465.jpg,0,train
violence /5731.jpg,1,train
non_violence /4933.jpg,0,train
violence /3683.jpg,1,train
non_violence /1855.jpg,0,train
non_violence /3561.jpg,0,train
violence /1262.jpg,1,train
violence /1948.jpg,1,train
non_violence /1428.jpg,0,train
violence /5835.jpg,1,train
non_violence /1566.jpg,0,train
non_violence /3278.jpg,0,train
violence /1969.jpg,1,train
violence /3966.jpg,1,train
violence /2335.jpg,1,train
non_violence /1995.jpg,0,train
non_violence /5021.jpg,0,train
violence /662.jpg,1,train
violence /3272.jpg,1,train
non_violence /4679.jpg,0,train
violence /4418.jpg,1,train
violence /4596.jpg,1,train
violence /2571.jpg,1,train
violence /3525.jpg,1,train
non_violence /3007.jpg,0,train
non_violence /4344.jpg,0,train
non_violence /1468.jpg,0,train
violence /1079.jpg,1,train
non_violence /2023.jpg,0,train
violence /3491.jpg,1,train
non_violence /2344.jpg,0,train
non_violence /144.jpg,0,train
non_violence /3143.jpg,0,train
violence /4961.jpg,1,train
non_violence /648.jpg,0,train
violence /2777.jpg,1,train
non_violence /1201.jpg,0,train
non_violence /2062.jpg,0,train
violence /3015.jpg,1,train
violence /1946.jpg,1,train
violence /3275.jpg,1,train
violence /2130.jpg,1,train
non_violence /2016.jpg,0,train
violence /5817.jpg,1,train
non_violence /1158.jpg,0,train
non_violence /115.jpg,0,train
non_violence /2695.jpg,0,train
non_violence /401.jpg,0,train
non_violence /3079.jpg,0,train
violence /3916.jpg,1,train
violence /5182.jpg,1,train
violence /2489.jpg,1,train
non_violence /4142.jpg,0,train
non_violence /691.jpg,0,train
violence /869.jpg,1,train
non_violence /825.jpg,0,train
non_violence /129.jpg,0,train
violence /3383.jpg,1,train
violence /2378.jpg,1,train
violence /685.jpg,1,train
violence /3784.jpg,1,train
violence /4679.jpg,1,train
violence /4106.jpg,1,train
non_violence /635.jpg,0,train
violence /5255.jpg,1,train
violence /4024.jpg,1,train
non_violence /39.jpg,0,train
violence /3832.jpg,1,train
non_violence /3971.jpg,0,train
non_violence /4566.jpg,0,train
non_violence /4596.jpg,0,train
violence /2727.jpg,1,train
non_violence /451.jpg,0,train
non_violence /2584.jpg,0,train
violence /2213.jpg,1,train
violence /3267.jpg,1,train
violence /4548.jpg,1,train
non_violence /1994.jpg,0,train
violence /1794.jpg,1,train
non_violence /5108.jpg,0,train
violence /569.jpg,1,train
non_violence /4172.jpg,0,train
violence /4084.jpg,1,train
violence /2621.jpg,1,train
violence /3372.jpg,1,train
non_violence /2994.jpg,0,train
violence /1531.jpg,1,train
violence /991.jpg,1,train
violence /5204.jpg,1,train
non_violence /3893.jpg,0,train
violence /4544.jpg,1,train
violence /5761.jpg,1,train
violence /1528.jpg,1,train
violence /1436.jpg,1,train
violence /965.jpg,1,train
violence /5055.jpg,1,train
violence /1103.jpg,1,train
non_violence /985.jpg,0,train
non_violence /4387.jpg,0,train
non_violence /3693.jpg,0,train
non_violence /1711.jpg,0,train
violence /3934.jpg,1,train
non_violence /4892.jpg,0,train
violence /5165.jpg,1,train
violence /1609.jpg,1,train
violence /959.jpg,1,train
violence /4349.jpg,1,train
non_violence /2250.jpg,0,train
violence /4889.jpg,1,train
violence /3422.jpg,1,train
violence /4766.jpg,1,train
violence /4997.jpg,1,train
violence /3516.jpg,1,train
violence /1958.jpg,1,train
non_violence /3227.jpg,0,train
non_violence /95.jpg,0,train
violence /1017.jpg,1,train
violence /206.jpg,1,train
violence /1802.jpg,1,train
non_violence /1062.jpg,0,train
violence /60.jpg,1,train
non_violence /2757.jpg,0,train
non_violence /4086.jpg,0,train
violence /4805.jpg,1,train
non_violence /628.jpg,0,train
non_violence /5087.jpg,0,train
violence /149.jpg,1,train
violence /4915.jpg,1,train
violence /187.jpg,1,train
non_violence /3441.jpg,0,train
non_violence /310.jpg,0,train
non_violence /4859.jpg,0,train
non_violence /1671.jpg,0,train
non_violence /4.jpg,0,train
violence /3877.jpg,1,train
violence /4214.jpg,1,train
violence /2257.jpg,1,train
violence /5066.jpg,1,train
violence /4118.jpg,1,train
non_violence /4953.jpg,0,train
violence /1182.jpg,1,train
violence /2055.jpg,1,train
non_violence /2518.jpg,0,train
violence /1534.jpg,1,train
violence /1107.jpg,1,train
violence /3350.jpg,1,train
non_violence /4432.jpg,0,train
violence /4554.jpg,1,train
non_violence /5092.jpg,0,train
non_violence /371.jpg,0,train
violence /1632.jpg,1,train
violence /4309.jpg,1,train
violence /1677.jpg,1,train
non_violence /1922.jpg,0,train
violence /2260.jpg,1,train
non_violence /1891.jpg,0,train
non_violence /4788.jpg,0,train
violence /5167.jpg,1,train
violence /3236.jpg,1,train
non_violence /2072.jpg,0,train
non_violence /3600.jpg,0,train
violence /4158.jpg,1,train
non_violence /4027.jpg,0,train
violence /3016.jpg,1,train
violence /289.jpg,1,train
non_violence /4623.jpg,0,train
non_violence /2529.jpg,0,train
violence /4407.jpg,1,train
violence /352.jpg,1,train
violence /3524.jpg,1,train
violence /1029.jpg,1,train
non_violence /1025.jpg,0,train
violence /923.jpg,1,train
violence /1098.jpg,1,train
violence /5317.jpg,1,train
non_violence /1133.jpg,0,train
violence /4138.jpg,1,train
violence /5748.jpg,1,train
non_violence /4412.jpg,0,train
non_violence /3442.jpg,0,train
violence /1289.jpg,1,train
non_violence /26.jpg,0,train
non_violence /4568.jpg,0,train
violence /1137.jpg,1,train
non_violence /3267.jpg,0,train
violence /2196.jpg,1,train
violence /1763.jpg,1,train
violence /3364.jpg,1,train
violence /5793.jpg,1,train
non_violence /3396.jpg,0,train
non_violence /1978.jpg,0,train
non_violence /939.jpg,0,train
violence /4.jpg,1,train
violence /4148.jpg,1,train
violence /201.jpg,1,train
non_violence /323.jpg,0,train
violence /1685.jpg,1,train
violence /5684.jpg,1,train
violence /3878.jpg,1,train
violence /5492.jpg,1,train
violence /5503.jpg,1,train
non_violence /871.jpg,0,train
violence /3107.jpg,1,train
violence /2886.jpg,1,train
non_violence /1219.jpg,0,train
violence /3143.jpg,1,train
violence /4799.jpg,1,train
violence /4163.jpg,1,train
non_violence /4775.jpg,0,train
non_violence /3175.jpg,0,train
violence /2052.jpg,1,train
non_violence /655.jpg,0,train
violence /5739.jpg,1,train
violence /770.jpg,1,train
violence /3172.jpg,1,train
non_violence /2739.jpg,0,train
non_violence /358.jpg,0,train
violence /3362.jpg,1,train
non_violence /4800.jpg,0,train
non_violence /968.jpg,0,train
violence /5597.jpg,1,train
non_violence /2001.jpg,0,train
violence /2197.jpg,1,train
violence /3812.jpg,1,train
non_violence /1442.jpg,0,train
non_violence /3320.jpg,0,train
non_violence /1551.jpg,0,train
violence /3139.jpg,1,train
violence /5628.jpg,1,train
violence /5300.jpg,1,train
non_violence /1535.jpg,0,train
violence /5211.jpg,1,train
violence /3726.jpg,1,train
violence /3608.jpg,1,train
non_violence /3194.jpg,0,train
violence /3329.jpg,1,train
violence /2242.jpg,1,train
non_violence /4823.jpg,0,train
violence /4126.jpg,1,train
non_violence /2636.jpg,0,train
violence /203.jpg,1,train
non_violence /2811.jpg,0,train
non_violence /1714.jpg,0,train
violence /1399.jpg,1,train
non_violence /2066.jpg,0,train
violence /1692.jpg,1,train
non_violence /3873.jpg,0,train
violence /2963.jpg,1,train
violence /4073.jpg,1,train
violence /4406.jpg,1,train
non_violence /3917.jpg,0,train
violence /1619.jpg,1,train
violence /5714.jpg,1,train
violence /1920.jpg,1,train
non_violence /3374.jpg,0,train
non_violence /2342.jpg,0,train
non_violence /3798.jpg,0,train
violence /1872.jpg,1,train
non_violence /1176.jpg,0,train
violence /22.jpg,1,train
violence /2099.jpg,1,train
non_violence /440.jpg,0,train
violence /93.jpg,1,train
non_violence /1434.jpg,0,train
violence /2376.jpg,1,train
violence /1219.jpg,1,train
violence /979.jpg,1,train
violence /3971.jpg,1,train
non_violence /2399.jpg,0,train
violence /2083.jpg,1,train
non_violence /868.jpg,0,train
violence /4066.jpg,1,train
violence /2641.jpg,1,train
violence /4038.jpg,1,train
non_violence /1919.jpg,0,train
violence /449.jpg,1,train
violence /1995.jpg,1,train
non_violence /3768.jpg,0,train
non_violence /1904.jpg,0,train
violence /4953.jpg,1,train
non_violence /2779.jpg,0,train
non_violence /3398.jpg,0,train
non_violence /4239.jpg,0,train
violence /2724.jpg,1,train
non_violence /4820.jpg,0,train
violence /4086.jpg,1,train
non_violence /3075.jpg,0,train
violence /2806.jpg,1,train
violence /4590.jpg,1,train
violence /5106.jpg,1,train
violence /138.jpg,1,train
non_violence /3270.jpg,0,train
non_violence /1898.jpg,0,train
non_violence /2747.jpg,0,train
violence /5764.jpg,1,train
violence /3409.jpg,1,train
violence /4178.jpg,1,train
non_violence /4621.jpg,0,train
violence /2534.jpg,1,train
non_violence /2860.jpg,0,train
violence /4423.jpg,1,train
violence /5015.jpg,1,train
non_violence /3828.jpg,0,train
violence /5148.jpg,1,train
violence /281.jpg,1,train
non_violence /1506.jpg,0,train
non_violence /4589.jpg,0,train
violence /1965.jpg,1,train
non_violence /98.jpg,0,train
non_violence /4611.jpg,0,train
non_violence /1864.jpg,0,train
violence /4518.jpg,1,train
violence /3333.jpg,1,train
violence /4859.jpg,1,train
violence /4925.jpg,1,train
violence /4653.jpg,1,train
violence /2005.jpg,1,train
violence /5.jpg,1,train
non_violence /2458.jpg,0,train
violence /2149.jpg,1,train
non_violence /2462.jpg,0,train
violence /5516.jpg,1,train
violence /1003.jpg,1,train
violence /5151.jpg,1,train
non_violence /314.jpg,0,train
violence /2447.jpg,1,train
non_violence /815.jpg,0,train
violence /670.jpg,1,train
violence /1566.jpg,1,train
non_violence /5080.jpg,0,train
non_violence /2249.jpg,0,train
non_violence /1665.jpg,0,train
non_violence /1815.jpg,0,train
violence /5093.jpg,1,train
violence /2026.jpg,1,train
violence /5807.jpg,1,train
non_violence /3720.jpg,0,train
violence /1858.jpg,1,train
non_violence /2626.jpg,0,train
non_violence /1812.jpg,0,train
violence /2299.jpg,1,train
violence /5434.jpg,1,train
non_violence /5196.jpg,0,train
non_violence /3162.jpg,0,train
violence /5474.jpg,1,train
violence /612.jpg,1,train
violence /4131.jpg,1,train
non_violence /3812.jpg,0,train
non_violence /4015.jpg,0,train
violence /2735.jpg,1,train
non_violence /4379.jpg,0,train
violence /102.jpg,1,train
violence /4046.jpg,1,train
violence /5648.jpg,1,train
violence /4333.jpg,1,train
non_violence /3461.jpg,0,train
non_violence /3257.jpg,0,train
non_violence /1137.jpg,0,train
violence /36.jpg,1,train
violence /1607.jpg,1,train
violence /3306.jpg,1,train
non_violence /5119.jpg,0,train
non_violence /2268.jpg,0,train
non_violence /3527.jpg,0,train
non_violence /5056.jpg,0,train
non_violence /3080.jpg,0,train
non_violence /3719.jpg,0,train
non_violence /572.jpg,0,train
violence /2192.jpg,1,train
violence /5523.jpg,1,train
non_violence /626.jpg,0,train
violence /975.jpg,1,train
non_violence /2160.jpg,0,train
violence /752.jpg,1,train
violence /3956.jpg,1,train
violence /2807.jpg,1,train
non_violence /3045.jpg,0,train
non_violence /448.jpg,0,train
non_violence /578.jpg,0,train
violence /4629.jpg,1,train
violence /1926.jpg,1,train
non_violence /3902.jpg,0,train
violence /4090.jpg,1,train
non_violence /1914.jpg,0,train
violence /5691.jpg,1,train
non_violence /131.jpg,0,train
non_violence /3945.jpg,0,train
non_violence /3018.jpg,0,train
violence /3774.jpg,1,train
violence /2524.jpg,1,train
non_violence /4226.jpg,0,train
non_violence /1498.jpg,0,train
violence /96.jpg,1,train
violence /3257.jpg,1,train
violence /3048.jpg,1,train
non_violence /2201.jpg,0,train
violence /4862.jpg,1,train
non_violence /867.jpg,0,train
violence /876.jpg,1,train
violence /4498.jpg,1,train
non_violence /2852.jpg,0,train
non_violence /2370.jpg,0,train
non_violence /1840.jpg,0,train
violence /1641.jpg,1,train
violence /1729.jpg,1,train
violence /2848.jpg,1,train
violence /3492.jpg,1,train
violence /5567.jpg,1,train
non_violence /2390.jpg,0,train
violence /5645.jpg,1,train
violence /5641.jpg,1,train
violence /3910.jpg,1,train
non_violence /1340.jpg,0,train
violence /1571.jpg,1,train
violence /1420.jpg,1,train
non_violence /1793.jpg,0,train
violence /1580.jpg,1,train
violence /5735.jpg,1,train
violence /2141.jpg,1,train
non_violence /4978.jpg,0,train
violence /1484.jpg,1,train
violence /431.jpg,1,train
non_violence /5189.jpg,0,train
non_violence /3605.jpg,0,train
non_violence /4029.jpg,0,train
violence /2145.jpg,1,train
non_violence /1139.jpg,0,train
violence /4748.jpg,1,train
violence /5578.jpg,1,train
non_violence /4362.jpg,0,train
non_violence /5154.jpg,0,train
violence /5189.jpg,1,train
violence /401.jpg,1,train
non_violence /3381.jpg,0,train
violence /671.jpg,1,train
violence /3660.jpg,1,train
violence /3428.jpg,1,train
non_violence /2100.jpg,0,train
violence /798.jpg,1,train
violence /2643.jpg,1,train
non_violence /828.jpg,0,train
non_violence /4218.jpg,0,train
non_violence /1476.jpg,0,train
non_violence /709.jpg,0,train
violence /889.jpg,1,train
violence /5316.jpg,1,train
non_violence /47.jpg,0,train
non_violence /3159.jpg,0,train
violence /5709.jpg,1,train
non_violence /1037.jpg,0,train
non_violence /4606.jpg,0,train
violence /2999.jpg,1,train
violence /1985.jpg,1,train
violence /5332.jpg,1,train
violence /5146.jpg,1,train
violence /5006.jpg,1,train
violence /3928.jpg,1,train
non_violence /3542.jpg,0,train
violence /1877.jpg,1,train
non_violence /4506.jpg,0,train
non_violence /4878.jpg,0,train
non_violence /516.jpg,0,train
violence /116.jpg,1,train
violence /4351.jpg,1,train
violence /4424.jpg,1,train
violence /763.jpg,1,train
non_violence /3838.jpg,0,train
violence /2929.jpg,1,train
violence /2708.jpg,1,train
non_violence /361.jpg,0,train
violence /476.jpg,1,train
violence /4662.jpg,1,train
violence /1260.jpg,1,train
non_violence /2537.jpg,0,train
violence /5004.jpg,1,train
violence /5561.jpg,1,train
non_violence /3480.jpg,0,train
violence /2899.jpg,1,train
violence /823.jpg,1,train
non_violence /506.jpg,0,train
violence /4527.jpg,1,train
violence /310.jpg,1,train
violence /4390.jpg,1,train
non_violence /885.jpg,0,train
non_violence /716.jpg,0,train
non_violence /3316.jpg,0,train
non_violence /764.jpg,0,train
violence /1981.jpg,1,train
non_violence /2628.jpg,0,train
violence /4829.jpg,1,train
non_violence /4297.jpg,0,train
non_violence /4796.jpg,0,train
violence /1207.jpg,1,train
violence /1200.jpg,1,train
non_violence /3737.jpg,0,train
violence /101.jpg,1,train
violence /5038.jpg,1,train
violence /2331.jpg,1,train
non_violence /824.jpg,0,train
violence /5379.jpg,1,train
violence /5284.jpg,1,train
non_violence /749.jpg,0,train
non_violence /3160.jpg,0,train
violence /1560.jpg,1,train
violence /92.jpg,1,train
violence /3474.jpg,1,train
non_violence /1472.jpg,0,train
violence /2513.jpg,1,train
violence /2072.jpg,1,train
non_violence /4268.jpg,0,train
violence /202.jpg,1,train
non_violence /1296.jpg,0,train
violence /1478.jpg,1,train
non_violence /4193.jpg,0,train
non_violence /813.jpg,0,train
violence /2171.jpg,1,train
violence /2677.jpg,1,train
non_violence /2355.jpg,0,train
non_violence /4923.jpg,0,train
violence /5585.jpg,1,train
non_violence /1509.jpg,0,train
non_violence /2722.jpg,0,train
non_violence /3548.jpg,0,train
non_violence /4894.jpg,0,train
non_violence /36.jpg,0,train
non_violence /1795.jpg,0,train
violence /2784.jpg,1,train
non_violence /3678.jpg,0,train
non_violence /2334.jpg,0,train
non_violence /2237.jpg,0,train
violence /5302.jpg,1,train
violence /5283.jpg,1,train
non_violence /3483.jpg,0,train
non_violence /3564.jpg,0,train
violence /2573.jpg,1,train
violence /4756.jpg,1,train
non_violence /3399.jpg,0,train
non_violence /2502.jpg,0,train
non_violence /782.jpg,0,train
violence /1545.jpg,1,train
violence /5566.jpg,1,train
non_violence /2289.jpg,0,train
non_violence /3070.jpg,0,train
violence /720.jpg,1,train
non_violence /1973.jpg,0,train
violence /1418.jpg,1,train
non_violence /447.jpg,0,train
non_violence /1722.jpg,0,train
violence /578.jpg,1,train
non_violence /3328.jpg,0,train
non_violence /1544.jpg,0,train
non_violence /633.jpg,0,train
violence /3388.jpg,1,train
violence /4947.jpg,1,train
non_violence /4069.jpg,0,train
violence /4345.jpg,1,train
violence /3510.jpg,1,train
non_violence /803.jpg,0,train
non_violence /1947.jpg,0,train
violence /4613.jpg,1,train
violence /156.jpg,1,train
non_violence /912.jpg,0,train
non_violence /3597.jpg,0,train
violence /3960.jpg,1,train
violence /4393.jpg,1,train
non_violence /3165.jpg,0,train
non_violence /276.jpg,0,train
non_violence /4996.jpg,0,train
non_violence /5188.jpg,0,train
non_violence /1537.jpg,0,train
non_violence /2683.jpg,0,train
violence /5733.jpg,1,train
violence /3701.jpg,1,train
violence /5616.jpg,1,train
violence /5529.jpg,1,train
violence /1645.jpg,1,train
non_violence /3624.jpg,0,train
non_violence /3713.jpg,0,train
violence /2075.jpg,1,train
violence /3160.jpg,1,train
non_violence /956.jpg,0,train
violence /999.jpg,1,train
violence /2467.jpg,1,train
non_violence /4031.jpg,0,train
non_violence /2013.jpg,0,train
violence /5816.jpg,1,train
violence /2472.jpg,1,train
violence /4744.jpg,1,train
non_violence /769.jpg,0,train
non_violence /2875.jpg,0,train
violence /5389.jpg,1,train
violence /3521.jpg,1,train
violence /3570.jpg,1,train
violence /5327.jpg,1,train
violence /481.jpg,1,train
violence /2097.jpg,1,train
violence /34.jpg,1,train
non_violence /683.jpg,0,train
violence /5729.jpg,1,train
violence /797.jpg,1,train
violence /1330.jpg,1,train
violence /135.jpg,1,train
violence /4936.jpg,1,train
violence /2842.jpg,1,train
non_violence /2345.jpg,0,train
non_violence /3859.jpg,0,train
violence /2153.jpg,1,train
violence /3955.jpg,1,train
non_violence /3128.jpg,0,train
non_violence /4990.jpg,0,train
non_violence /5126.jpg,0,train
violence /5288.jpg,1,train
non_violence /85.jpg,0,train
violence /5323.jpg,1,train
violence /2190.jpg,1,train
violence /4452.jpg,1,train
non_violence /2543.jpg,0,train
violence /5142.jpg,1,train
violence /3991.jpg,1,train
non_violence /2844.jpg,0,train
non_violence /407.jpg,0,train
violence /3717.jpg,1,train
violence /322.jpg,1,train
non_violence /3209.jpg,0,train
violence /1865.jpg,1,train
non_violence /1499.jpg,0,train
non_violence /4723.jpg,0,train
non_violence /4131.jpg,0,train
violence /5465.jpg,1,train
non_violence /5059.jpg,0,train
violence /1125.jpg,1,train
violence /217.jpg,1,train
violence /3205.jpg,1,train
violence /5671.jpg,1,train
violence /5158.jpg,1,train
non_violence /3942.jpg,0,train
violence /2093.jpg,1,train
non_violence /60.jpg,0,train
violence /4586.jpg,1,train
non_violence /4320.jpg,0,train
non_violence /142.jpg,0,train
non_violence /2060.jpg,0,train
non_violence /4794.jpg,0,train
violence /2078.jpg,1,train
non_violence /2645.jpg,0,train
non_violence /3295.jpg,0,train
violence /1394.jpg,1,train
violence /2770.jpg,1,train
violence /1423.jpg,1,train
violence /1695.jpg,1,train
non_violence /1672.jpg,0,train
violence /3501.jpg,1,train
non_violence /3132.jpg,0,train
non_violence /1588.jpg,0,train
violence /5013.jpg,1,train
violence /1728.jpg,1,train
non_violence /2570.jpg,0,train
non_violence /4863.jpg,0,train
non_violence /2120.jpg,0,train
violence /3806.jpg,1,train
non_violence /2256.jpg,0,train
violence /5339.jpg,1,train
violence /2965.jpg,1,train
non_violence /4968.jpg,0,train
non_violence /1998.jpg,0,train
violence /914.jpg,1,train
non_violence /134.jpg,0,train
violence /5788.jpg,1,train
violence /4168.jpg,1,train
non_violence /4054.jpg,0,train
violence /1498.jpg,1,train
violence /4236.jpg,1,train
violence /2259.jpg,1,train
violence /4110.jpg,1,train
non_violence /1769.jpg,0,train
violence /5689.jpg,1,train
non_violence /3471.jpg,0,train
non_violence /2718.jpg,0,train
violence /3344.jpg,1,train
non_violence /993.jpg,0,train
violence /5749.jpg,1,train
violence /1060.jpg,1,train
violence /781.jpg,1,train
violence /5423.jpg,1,train
non_violence /3024.jpg,0,train
non_violence /2327.jpg,0,train
non_violence /3190.jpg,0,train
violence /1898.jpg,1,train
non_violence /5002.jpg,0,train
violence /1406.jpg,1,train
violence /2769.jpg,1,train
violence /4471.jpg,1,train
violence /371.jpg,1,train
non_violence /4251.jpg,0,train
non_violence /1048.jpg,0,train
violence /482.jpg,1,train
non_violence /1557.jpg,0,train
non_violence /4832.jpg,0,train
non_violence /19.jpg,0,train
non_violence /2688.jpg,0,train
violence /3004.jpg,1,train
violence /141.jpg,1,train
violence /5537.jpg,1,train
violence /355.jpg,1,train
violence /1949.jpg,1,train
non_violence /5008.jpg,0,train
violence /5008.jpg,1,train
non_violence /3034.jpg,0,train
non_violence /2478.jpg,0,train
violence /1376.jpg,1,train
non_violence /4309.jpg,0,train
violence /3755.jpg,1,train
violence /4275.jpg,1,train
non_violence /1541.jpg,0,train
non_violence /3701.jpg,0,train
non_violence /1378.jpg,0,train
violence /2634.jpg,1,train
violence /2890.jpg,1,train
non_violence /1641.jpg,0,train
non_violence /3001.jpg,0,train
violence /1232.jpg,1,train
non_violence /1302.jpg,0,train
violence /747.jpg,1,train
non_violence /365.jpg,0,train
non_violence /18.jpg,0,train
violence /1359.jpg,1,train
non_violence /3071.jpg,0,train
non_violence /4487.jpg,0,train
violence /533.jpg,1,train
violence /3748.jpg,1,train
non_violence /2472.jpg,0,train
violence /1175.jpg,1,train
non_violence /3710.jpg,0,train
violence /2177.jpg,1,train
violence /5734.jpg,1,train
non_violence /3641.jpg,0,train
non_violence /4818.jpg,0,train
violence /4329.jpg,1,train
non_violence /2437.jpg,0,train
violence /5840.jpg,1,train
violence /5490.jpg,1,train
violence /3607.jpg,1,train
non_violence /4827.jpg,0,train
non_violence /3683.jpg,0,train
non_violence /2812.jpg,0,train
non_violence /4024.jpg,0,train
violence /4834.jpg,1,train
non_violence /804.jpg,0,train
non_violence /4955.jpg,0,train
violence /609.jpg,1,train
non_violence /644.jpg,0,train
non_violence /901.jpg,0,train
non_violence /959.jpg,0,train
violence /2182.jpg,1,train
violence /1697.jpg,1,train
violence /897.jpg,1,train
violence /2901.jpg,1,train
violence /3233.jpg,1,train
violence /2585.jpg,1,train
non_violence /2530.jpg,0,train
violence /3207.jpg,1,train
non_violence /426.jpg,0,train
non_violence /391.jpg,0,train
violence /3126.jpg,1,train
non_violence /2672.jpg,0,train
violence /3614.jpg,1,train
non_violence /3284.jpg,0,train
violence /3536.jpg,1,train
non_violence /806.jpg,0,train
violence /1070.jpg,1,train
non_violence /645.jpg,0,train
non_violence /706.jpg,0,train
non_violence /4359.jpg,0,train
violence /4245.jpg,1,train
non_violence /780.jpg,0,train
non_violence /3516.jpg,0,train
violence /4069.jpg,1,train
non_violence /3791.jpg,0,train
violence /4912.jpg,1,train
violence /5632.jpg,1,train
violence /4222.jpg,1,train
non_violence /3705.jpg,0,train
non_violence /122.jpg,0,train
violence /1513.jpg,1,train
violence /3930.jpg,1,train
violence /2408.jpg,1,train
non_violence /929.jpg,0,train
non_violence /4323.jpg,0,train
violence /4167.jpg,1,train
non_violence /3005.jpg,0,train
non_violence /231.jpg,0,train
non_violence /4358.jpg,0,train
non_violence /482.jpg,0,train
violence /1539.jpg,1,train
non_violence /4966.jpg,0,train
violence /1500.jpg,1,train
violence /2268.jpg,1,train
violence /813.jpg,1,train
non_violence /318.jpg,0,train
non_violence /1306.jpg,0,train
violence /615.jpg,1,train
violence /2685.jpg,1,train
non_violence /606.jpg,0,train
violence /4866.jpg,1,train
violence /4879.jpg,1,train
non_violence /4040.jpg,0,train
non_violence /3354.jpg,0,train
non_violence /4550.jpg,0,train
violence /163.jpg,1,train
non_violence /1285.jpg,0,train
non_violence /16.jpg,0,train
violence /471.jpg,1,train
violence /4682.jpg,1,train
violence /871.jpg,1,train
violence /2288.jpg,1,train
violence /1237.jpg,1,train
violence /1210.jpg,1,train
non_violence /475.jpg,0,train
non_violence /1993.jpg,0,train
non_violence /3369.jpg,0,train
violence /5682.jpg,1,train
non_violence /4242.jpg,0,train
non_violence /2171.jpg,0,train
violence /5601.jpg,1,train
non_violence /2257.jpg,0,train
violence /1334.jpg,1,train
non_violence /3644.jpg,0,train
violence /4059.jpg,1,train
violence /3411.jpg,1,train
violence /654.jpg,1,train
non_violence /4164.jpg,0,train
violence /5236.jpg,1,train
non_violence /1196.jpg,0,train
violence /3156.jpg,1,train
non_violence /4038.jpg,0,train
non_violence /2966.jpg,0,train
non_violence /2923.jpg,0,train
violence /1681.jpg,1,train
violence /1002.jpg,1,train
violence /882.jpg,1,train
non_violence /1089.jpg,0,train
violence /3974.jpg,1,train
non_violence /2785.jpg,0,train
violence /75.jpg,1,train
violence /1930.jpg,1,train
violence /3962.jpg,1,train
violence /164.jpg,1,train
violence /4698.jpg,1,train
violence /5813.jpg,1,train
non_violence /827.jpg,0,train
non_violence /3890.jpg,0,train
non_violence /1694.jpg,0,train
violence /1140.jpg,1,train
non_violence /2949.jpg,0,train
non_violence /728.jpg,0,train
non_violence /1364.jpg,0,train
violence /3613.jpg,1,train
non_violence /4681.jpg,0,train
non_violence /3508.jpg,0,train
non_violence /2547.jpg,0,train
non_violence /4102.jpg,0,train
violence /804.jpg,1,train
violence /1374.jpg,1,train
non_violence /199.jpg,0,train
non_violence /3280.jpg,0,train
violence /2217.jpg,1,train
non_violence /707.jpg,0,train
non_violence /2560.jpg,0,train
violence /3533.jpg,1,train
violence /3697.jpg,1,train
violence /1597.jpg,1,train
violence /5000.jpg,1,train
violence /3375.jpg,1,train
violence /71.jpg,1,train
non_violence /4565.jpg,0,train
non_violence /1983.jpg,0,train
non_violence /3426.jpg,0,train
violence /5830.jpg,1,train
violence /4665.jpg,1,train
non_violence /17.jpg,0,train
non_violence /1710.jpg,0,train
violence /3313.jpg,1,train
violence /3484.jpg,1,train
non_violence /4063.jpg,0,train
violence /5653.jpg,1,train
non_violence /4178.jpg,0,train
non_violence /1811.jpg,0,train
non_violence /2772.jpg,0,train
non_violence /1475.jpg,0,train
non_violence /4527.jpg,0,train
non_violence /823.jpg,0,train
non_violence /2625.jpg,0,train
violence /4542.jpg,1,train
non_violence /2920.jpg,0,train
violence /3994.jpg,1,train
violence /1472.jpg,1,train
non_violence /926.jpg,0,train
non_violence /1367.jpg,0,train
violence /3396.jpg,1,train
violence /5258.jpg,1,train
non_violence /4161.jpg,0,train
violence /432.jpg,1,train
violence /2717.jpg,1,train
non_violence /2203.jpg,0,train
non_violence /4067.jpg,0,train
violence /468.jpg,1,train
non_violence /255.jpg,0,train
non_violence /40.jpg,0,train
non_violence /1080.jpg,0,train
non_violence /515.jpg,0,train
violence /976.jpg,1,train
violence /2942.jpg,1,train
non_violence /4060.jpg,0,train
non_violence /1633.jpg,0,train
non_violence /1556.jpg,0,train
non_violence /4288.jpg,0,train
violence /1198.jpg,1,train
violence /5375.jpg,1,train
violence /2805.jpg,1,train
non_violence /1495.jpg,0,train
non_violence /2144.jpg,0,train
violence /616.jpg,1,train
violence /356.jpg,1,train
violence /5825.jpg,1,train
violence /4170.jpg,1,train
non_violence /3389.jpg,0,train
violence /1540.jpg,1,train
violence /2975.jpg,1,train
violence /2726.jpg,1,train
non_violence /3842.jpg,0,train
violence /2314.jpg,1,train
non_violence /2823.jpg,0,train
non_violence /1327.jpg,0,train
violence /4782.jpg,1,train
violence /4601.jpg,1,train
violence /3886.jpg,1,train
non_violence /4325.jpg,0,train
violence /5041.jpg,1,train
violence /4097.jpg,1,train
non_violence /3987.jpg,0,train
violence /4503.jpg,1,train
violence /2322.jpg,1,train
non_violence /4631.jpg,0,train
non_violence /918.jpg,0,train
violence /5472.jpg,1,train
non_violence /363.jpg,0,train
non_violence /3353.jpg,0,train
violence /3616.jpg,1,train
violence /3881.jpg,1,train
non_violence /5222.jpg,0,train
violence /1726.jpg,1,train
non_violence /4512.jpg,0,train
violence /4621.jpg,1,train
non_violence /321.jpg,0,train
violence /4431.jpg,1,val
violence /2308.jpg,1,val
violence /3096.jpg,1,val
violence /2292.jpg,1,val
violence /5123.jpg,1,val
violence /3875.jpg,1,val
violence /3489.jpg,1,val
non_violence /1549.jpg,0,val
violence /131.jpg,1,val
violence /4533.jpg,1,val
non_violence /1016.jpg,0,val
violence /318.jpg,1,val
non_violence /5118.jpg,0,val
non_violence /1628.jpg,0,val
non_violence /2553.jpg,0,val
non_violence /1828.jpg,0,val
violence /1535.jpg,1,val
violence /2133.jpg,1,val
non_violence /2912.jpg,0,val
non_violence /2753.jpg,0,val
violence /4513.jpg,1,val
non_violence /38.jpg,0,val
non_violence /2950.jpg,0,val
non_violence /1531.jpg,0,val
non_violence /480.jpg,0,val
non_violence /2027.jpg,0,val
non_violence /4790.jpg,0,val
violence /5180.jpg,1,val
violence /4355.jpg,1,val
violence /1298.jpg,1,val
violence /2633.jpg,1,val
violence /1311.jpg,1,val
non_violence /2512.jpg,0,val
violence /5221.jpg,1,val
non_violence /4241.jpg,0,val
non_violence /4689.jpg,0,val
non_violence /4266.jpg,0,val
violence /1120.jpg,1,val
violence /2154.jpg,1,val
non_violence /1611.jpg,0,val
non_violence /2887.jpg,0,val
non_violence /701.jpg,0,val
non_violence /1965.jpg,0,val
non_violence /3220.jpg,0,val
violence /1777.jpg,1,val
non_violence /944.jpg,0,val
non_violence /3264.jpg,0,val
non_violence /4499.jpg,0,val
non_violence /920.jpg,0,val
non_violence /2988.jpg,0,val
violence /5119.jpg,1,val
non_violence /4682.jpg,0,val
non_violence /2676.jpg,0,val
non_violence /1845.jpg,0,val
non_violence /97.jpg,0,val
non_violence /2225.jpg,0,val
violence /2993.jpg,1,val
non_violence /2952.jpg,0,val
violence /4910.jpg,1,val
violence /130.jpg,1,val
non_violence /651.jpg,0,val
non_violence /1799.jpg,0,val
non_violence /3485.jpg,0,val
non_violence /3883.jpg,0,val
non_violence /3002.jpg,0,val
violence /3104.jpg,1,val
violence /1354.jpg,1,val
non_violence /3670.jpg,0,val
non_violence /742.jpg,0,val
violence /1258.jpg,1,val
violence /4861.jpg,1,val
non_violence /170.jpg,0,val
violence /1161.jpg,1,val
non_violence /2418.jpg,0,val
violence /2366.jpg,1,val
non_violence /273.jpg,0,val
non_violence /4249.jpg,0,val
violence /5833.jpg,1,val
violence /2258.jpg,1,val
non_violence /150.jpg,0,val
violence /2917.jpg,1,val
non_violence /640.jpg,0,val
non_violence /1791.jpg,0,val
violence /3545.jpg,1,val
violence /3731.jpg,1,val
non_violence /32.jpg,0,val
violence /169.jpg,1,val
violence /4242.jpg,1,val
non_violence /2192.jpg,0,val
non_violence /1744.jpg,0,val
violence /689.jpg,1,val
non_violence /4296.jpg,0,val
violence /43.jpg,1,val
violence /3791.jpg,1,val
violence /2711.jpg,1,val
violence /5652.jpg,1,val
non_violence /2339.jpg,0,val
violence /4105.jpg,1,val
non_violence /4425.jpg,0,val
non_violence /1822.jpg,0,val
non_violence /2206.jpg,0,val
violence /4763.jpg,1,val
non_violence /3583.jpg,0,val
violence /3691.jpg,1,val
non_violence /3395.jpg,0,val
violence /1096.jpg,1,val
violence /5500.jpg,1,val
violence /5450.jpg,1,val
non_violence /1785.jpg,0,val
violence /3044.jpg,1,val
violence /2305.jpg,1,val
non_violence /2413.jpg,0,val
non_violence /3319.jpg,0,val
violence /1792.jpg,1,val
violence /393.jpg,1,val
violence /4191.jpg,1,val
non_violence /1238.jpg,0,val
non_violence /4445.jpg,0,val
non_violence /536.jpg,0,val
violence /3425.jpg,1,val
non_violence /5166.jpg,0,val
violence /5444.jpg,1,val
non_violence /4436.jpg,0,val
non_violence /2969.jpg,0,val
violence /4195.jpg,1,val
non_violence /204.jpg,0,val
violence /886.jpg,1,val
non_violence /999.jpg,0,val
violence /3919.jpg,1,val
non_violence /4687.jpg,0,val
violence /1018.jpg,1,val
violence /1993.jpg,1,val
violence /1899.jpg,1,val
non_violence /5068.jpg,0,val
non_violence /3617.jpg,0,val
non_violence /2641.jpg,0,val
non_violence /4248.jpg,0,val
violence /3002.jpg,1,val
violence /4462.jpg,1,val
violence /2129.jpg,1,val
non_violence /596.jpg,0,val
non_violence /5193.jpg,0,val
non_violence /4289.jpg,0,val
non_violence /4936.jpg,0,val
violence /4453.jpg,1,val
violence /3380.jpg,1,val
violence /3080.jpg,1,val
violence /4303.jpg,1,val
violence /2262.jpg,1,val
violence /4365.jpg,1,val
violence /3494.jpg,1,val
non_violence /347.jpg,0,val
non_violence /1242.jpg,0,val
violence /3268.jpg,1,val
non_violence /4399.jpg,0,val
violence /3801.jpg,1,val
non_violence /2728.jpg,0,val
non_violence /2750.jpg,0,val
violence /3530.jpg,1,val
violence /1251.jpg,1,val
non_violence /1763.jpg,0,val
non_violence /2915.jpg,0,val
violence /1696.jpg,1,val
non_violence /1248.jpg,0,val
non_violence /1808.jpg,0,val
non_violence /4850.jpg,0,val
non_violence /4328.jpg,0,val
violence /2348.jpg,1,val
non_violence /4364.jpg,0,val
non_violence /2017.jpg,0,val
non_violence /2429.jpg,0,val
non_violence /2045.jpg,0,val
violence /1854.jpg,1,val
violence /856.jpg,1,val
non_violence /3894.jpg,0,val
violence /5018.jpg,1,val
violence /4185.jpg,1,val
non_violence /3795.jpg,0,val
violence /858.jpg,1,val
non_violence /4983.jpg,0,val
violence /1218.jpg,1,val
violence /2369.jpg,1,val
violence /4175.jpg,1,val
non_violence /2136.jpg,0,val
non_violence /5135.jpg,0,val
violence /1718.jpg,1,val
violence /1783.jpg,1,val
non_violence /4459.jpg,0,val
violence /3438.jpg,1,val
violence /5395.jpg,1,val
violence /2459.jpg,1,val
violence /4835.jpg,1,val
violence /3568.jpg,1,val
violence /2967.jpg,1,val
violence /2752.jpg,1,val
violence /5251.jpg,1,val
violence /1822.jpg,1,val
non_violence /3797.jpg,0,val
violence /4071.jpg,1,val
violence /3353.jpg,1,val
violence /4495.jpg,1,val
non_violence /3047.jpg,0,val
non_violence /5139.jpg,0,val
non_violence /2184.jpg,0,val
violence /3303.jpg,1,val
violence /4561.jpg,1,val
violence /3169.jpg,1,val
non_violence /353.jpg,0,val
violence /3047.jpg,1,val
violence /2557.jpg,1,val
violence /4900.jpg,1,val
violence /1305.jpg,1,val
violence /8.jpg,1,val
non_violence /4862.jpg,0,val
violence /51.jpg,1,val
non_violence /4383.jpg,0,val
non_violence /3125.jpg,0,val
violence /2481.jpg,1,val
violence /3827.jpg,1,val
non_violence /4609.jpg,0,val
violence /3507.jpg,1,val
violence /3595.jpg,1,val
non_violence /1723.jpg,0,val
violence /2548.jpg,1,val
non_violence /613.jpg,0,val
violence /2814.jpg,1,val
violence /1921.jpg,1,val
non_violence /3039.jpg,0,val
violence /4292.jpg,1,val
violence /3531.jpg,1,val
non_violence /4634.jpg,0,val
non_violence /2894.jpg,0,val
violence /3041.jpg,1,val
violence /3412.jpg,1,val
violence /1321.jpg,1,val
violence /3903.jpg,1,val
violence /5715.jpg,1,val
violence /370.jpg,1,val
violence /1835.jpg,1,val
violence /235.jpg,1,val
violence /3769.jpg,1,val
violence /651.jpg,1,val
non_violence /669.jpg,0,val
violence /3963.jpg,1,val
non_violence /4389.jpg,0,val
non_violence /3376.jpg,0,val
non_violence /283.jpg,0,val
non_violence /3394.jpg,0,val
violence /1841.jpg,1,val
non_violence /4318.jpg,0,val
non_violence /4299.jpg,0,val
violence /714.jpg,1,val
violence /4145.jpg,1,val
violence /3644.jpg,1,val
violence /342.jpg,1,val
violence /4306.jpg,1,val
non_violence /1575.jpg,0,val
violence /3514.jpg,1,val
violence /2500.jpg,1,val
non_violence /4870.jpg,0,val
violence /1573.jpg,1,val
violence /1191.jpg,1,val
violence /900.jpg,1,val
non_violence /4670.jpg,0,val
non_violence /784.jpg,0,val
non_violence /2278.jpg,0,val
non_violence /4732.jpg,0,val
non_violence /617.jpg,0,val
violence /1815.jpg,1,val
non_violence /2526.jpg,0,val
non_violence /1245.jpg,0,val
non_violence /3042.jpg,0,val
non_violence /1027.jpg,0,val
violence /5538.jpg,1,val
violence /4265.jpg,1,val
violence /2298.jpg,1,val
non_violence /4595.jpg,0,val
non_violence /2756.jpg,0,val
non_violence /5038.jpg,0,val
non_violence /3766.jpg,0,val
non_violence /2166.jpg,0,val
non_violence /1072.jpg,0,val
violence /1459.jpg,1,val
non_violence /3504.jpg,0,val
violence /2161.jpg,1,val
violence /334.jpg,1,val
violence /4312.jpg,1,val
violence /3817.jpg,1,val
non_violence /469.jpg,0,val
violence /1130.jpg,1,val
violence /809.jpg,1,val
violence /4712.jpg,1,val
violence /3198.jpg,1,val
non_violence /2019.jpg,0,val
non_violence /1404.jpg,0,val
violence /5127.jpg,1,val
non_violence /1216.jpg,0,val
violence /902.jpg,1,val
non_violence /2980.jpg,0,val
non_violence /1875.jpg,0,val
violence /764.jpg,1,val
violence /1918.jpg,1,val
non_violence /1380.jpg,0,val
violence /873.jpg,1,val
violence /1104.jpg,1,val
non_violence /658.jpg,0,val
violence /4488.jpg,1,val
violence /1988.jpg,1,val
non_violence /3401.jpg,0,val
violence /1816.jpg,1,val
non_violence /2180.jpg,0,val
violence /3243.jpg,1,val
violence /865.jpg,1,val
non_violence /1073.jpg,0,val
non_violence /3563.jpg,0,val
violence /496.jpg,1,val
violence /2994.jpg,1,val
violence /1234.jpg,1,val
non_violence /4536.jpg,0,val
non_violence /2009.jpg,0,val
violence /4442.jpg,1,val
non_violence /4987.jpg,0,val
violence /4036.jpg,1,val
violence /3588.jpg,1,val
violence /487.jpg,1,val
non_violence /406.jpg,0,val
violence /2474.jpg,1,val
non_violence /1606.jpg,0,val
violence /5624.jpg,1,val
violence /2282.jpg,1,val
non_violence /1610.jpg,0,val
non_violence /2807.jpg,0,val
violence /853.jpg,1,val
non_violence /1507.jpg,0,val
violence /5387.jpg,1,val
violence /2817.jpg,1,val
non_violence /3514.jpg,0,val
non_violence /3029.jpg,0,val
violence /100.jpg,1,val
non_violence /2258.jpg,0,val
non_violence /2938.jpg,0,val
non_violence /3090.jpg,0,val
non_violence /2447.jpg,0,val
non_violence /1259.jpg,0,val
violence /5297.jpg,1,val
non_violence /50.jpg,0,val
non_violence /293.jpg,0,val
non_violence /3449.jpg,0,val
violence /3872.jpg,1,val
violence /5745.jpg,1,val
violence /922.jpg,1,val
non_violence /2704.jpg,0,val
violence /1129.jpg,1,val
non_violence /4463.jpg,0,val
violence /4082.jpg,1,val
non_violence /3696.jpg,0,val
non_violence /3640.jpg,0,val
violence /314.jpg,1,val
violence /575.jpg,1,val
violence /2389.jpg,1,val
violence /3462.jpg,1,val
violence /1667.jpg,1,val
violence /1934.jpg,1,val
non_violence /3297.jpg,0,val
non_violence /2080.jpg,0,val
violence /4528.jpg,1,val
violence /577.jpg,1,val
violence /684.jpg,1,val
violence /3031.jpg,1,val
violence /2889.jpg,1,val
violence /3979.jpg,1,val
non_violence /78.jpg,0,val
violence /3343.jpg,1,val
non_violence /2170.jpg,0,val
non_violence /826.jpg,0,val
non_violence /2425.jpg,0,val
violence /5430.jpg,1,val
violence /5113.jpg,1,val
non_violence /2400.jpg,0,val
non_violence /4817.jpg,0,val
non_violence /1780.jpg,0,val
non_violence /1423.jpg,0,val
violence /3889.jpg,1,val
violence /4014.jpg,1,val
violence /3296.jpg,1,val
violence /4589.jpg,1,val
non_violence /3652.jpg,0,val
non_violence /2188.jpg,0,val
violence /2552.jpg,1,val
non_violence /661.jpg,0,val
violence /1293.jpg,1,val
violence /3842.jpg,1,val
non_violence /2069.jpg,0,val
violence /5806.jpg,1,val
non_violence /4482.jpg,0,val
non_violence /681.jpg,0,val
violence /3504.jpg,1,val
violence /59.jpg,1,val
violence /227.jpg,1,val
violence /2566.jpg,1,val
violence /4099.jpg,1,val
violence /1906.jpg,1,val
violence /1336.jpg,1,val
non_violence /2010.jpg,0,val
violence /3947.jpg,1,val
violence /1679.jpg,1,val
violence /3040.jpg,1,val
violence /5192.jpg,1,val
non_violence /5200.jpg,0,val
non_violence /4230.jpg,0,val
violence /4224.jpg,1,val
non_violence /2026.jpg,0,val
violence /2827.jpg,1,val
violence /890.jpg,1,val
violence /5751.jpg,1,val
violence /4751.jpg,1,val
non_violence /1878.jpg,0,val
violence /4352.jpg,1,val
violence /2132.jpg,1,val
non_violence /4222.jpg,0,val
non_violence /5129.jpg,0,val
non_violence /1376.jpg,0,val
non_violence /2494.jpg,0,val
violence /2638.jpg,1,val
violence /3937.jpg,1,val
violence /2750.jpg,1,val
non_violence /458.jpg,0,val
violence /4021.jpg,1,val
non_violence /4312.jpg,0,val
violence /3684.jpg,1,val
violence /1887.jpg,1,val
violence /5005.jpg,1,val
non_violence /880.jpg,0,val
violence /845.jpg,1,val
non_violence /3982.jpg,0,val
violence /2517.jpg,1,val
violence /755.jpg,1,val
violence /2493.jpg,1,val
non_violence /5079.jpg,0,val
violence /4457.jpg,1,val
non_violence /2034.jpg,0,val
non_violence /1571.jpg,0,val
non_violence /3877.jpg,0,val
non_violence /4449.jpg,0,val
violence /3869.jpg,1,val
violence /4672.jpg,1,val
non_violence /3003.jpg,0,val
non_violence /2647.jpg,0,val
violence /4484.jpg,1,val
violence /4622.jpg,1,val
violence /4187.jpg,1,val
violence /4872.jpg,1,val
non_violence /1821.jpg,0,val
non_violence /665.jpg,0,val
non_violence /1408.jpg,0,val
violence /299.jpg,1,val
non_violence /2989.jpg,0,val
non_violence /763.jpg,0,val
non_violence /687.jpg,0,val
violence /2650.jpg,1,val
non_violence /4170.jpg,0,val
violence /3046.jpg,1,val
non_violence /1220.jpg,0,val
non_violence /3219.jpg,0,val
non_violence /2020.jpg,0,val
violence /821.jpg,1,val
violence /5226.jpg,1,val
violence /1779.jpg,1,val
violence /3739.jpg,1,val
non_violence /3210.jpg,0,val
violence /2949.jpg,1,val
violence /4172.jpg,1,val
violence /1224.jpg,1,val
violence /2413.jpg,1,val
non_violence /2580.jpg,0,val
violence /2809.jpg,1,val
violence /380.jpg,1,val
violence /5385.jpg,1,val
violence /1843.jpg,1,val
violence /1403.jpg,1,val
non_violence /1921.jpg,0,val
violence /2936.jpg,1,val
non_violence /174.jpg,0,val
non_violence /2517.jpg,0,val
non_violence /1452.jpg,0,val
non_violence /1087.jpg,0,val
non_violence /80.jpg,0,val
violence /4556.jpg,1,val
violence /4850.jpg,1,val
non_violence /1816.jpg,0,val
non_violence /820.jpg,0,val
non_violence /1008.jpg,0,val
violence /3819.jpg,1,val
violence /4802.jpg,1,val
violence /5078.jpg,1,val
violence /4516.jpg,1,val
non_violence /3335.jpg,0,val
non_violence /4881.jpg,0,val
non_violence /4617.jpg,0,val
non_violence /1024.jpg,0,val
violence /5494.jpg,1,val
non_violence /2497.jpg,0,val
non_violence /723.jpg,0,val
violence /2251.jpg,1,val
non_violence /3631.jpg,0,val
violence /4693.jpg,1,val
violence /4584.jpg,1,val
violence /1857.jpg,1,val
violence /1045.jpg,1,val
non_violence /93.jpg,0,val
non_violence /2464.jpg,0,val
violence /4871.jpg,1,val
non_violence /1467.jpg,0,val
non_violence /608.jpg,0,val
non_violence /3348.jpg,0,val
violence /4884.jpg,1,val
violence /1647.jpg,1,val
violence /5697.jpg,1,val
violence /2997.jpg,1,val
violence /5613.jpg,1,val
non_violence /4673.jpg,0,val
violence /1040.jpg,1,val
violence /16.jpg,1,val
non_violence /2316.jpg,0,val
non_violence /2607.jpg,0,val
non_violence /5032.jpg,0,val
non_violence /1294.jpg,0,val
non_violence /1681.jpg,0,val
violence /1759.jpg,1,val
violence /280.jpg,1,val
non_violence /810.jpg,0,val
non_violence /530.jpg,0,val
non_violence /2924.jpg,0,val
non_violence /2596.jpg,0,val
non_violence /1827.jpg,0,val
non_violence /435.jpg,0,val
violence /3106.jpg,1,val
violence /4550.jpg,1,val
violence /2821.jpg,1,val
non_violence /4738.jpg,0,val
violence /5282.jpg,1,val
non_violence /2730.jpg,0,val
violence /4905.jpg,1,val
non_violence /3884.jpg,0,val
non_violence /2057.jpg,0,val
non_violence /2251.jpg,0,val
violence /1020.jpg,1,val
violence /1713.jpg,1,val
violence /3332.jpg,1,val
non_violence /4755.jpg,0,val
non_violence /3330.jpg,0,val
violence /1093.jpg,1,val
non_violence /3249.jpg,0,val
non_violence /964.jpg,0,val
violence /5436.jpg,1,val
non_violence /4420.jpg,0,val
violence /718.jpg,1,val
non_violence /940.jpg,0,val
non_violence /4789.jpg,0,val
violence /4230.jpg,1,val
violence /3485.jpg,1,val
violence /1259.jpg,1,val
violence /4587.jpg,1,val
non_violence /3106.jpg,0,val
non_violence /348.jpg,0,val
violence /5390.jpg,1,val
non_violence /1250.jpg,0,val
violence /523.jpg,1,val
violence /5587.jpg,1,val
non_violence /914.jpg,0,val
non_violence /619.jpg,0,val
violence /2027.jpg,1,val
violence /4087.jpg,1,val
non_violence /3104.jpg,0,val
violence /98.jpg,1,val
non_violence /4539.jpg,0,val
violence /3022.jpg,1,val
non_violence /4625.jpg,0,val
violence /104.jpg,1,val
violence /988.jpg,1,val
violence /4909.jpg,1,val
non_violence /3137.jpg,0,val
non_violence /3854.jpg,0,val
violence /3682.jpg,1,val
violence /2359.jpg,1,val
non_violence /3539.jpg,0,val
non_violence /1298.jpg,0,val
non_violence /4103.jpg,0,val
violence /802.jpg,1,val
violence /2811.jpg,1,val
violence /15.jpg,1,val
violence /1648.jpg,1,val
violence /595.jpg,1,val
non_violence /2485.jpg,0,val
violence /1485.jpg,1,val
violence /1989.jpg,1,val
non_violence /1987.jpg,0,val
non_violence /1670.jpg,0,val
non_violence /4061.jpg,0,val
violence /2563.jpg,1,val
violence /3006.jpg,1,val
violence /5647.jpg,1,val
violence /937.jpg,1,val
non_violence /3959.jpg,0,val
violence /154.jpg,1,val
non_violence /3453.jpg,0,val
non_violence /4152.jpg,0,val
violence /2729.jpg,1,val
violence /3317.jpg,1,val
violence /5183.jpg,1,val
non_violence /4273.jpg,0,val
non_violence /1069.jpg,0,val
non_violence /3978.jpg,0,val
violence /1365.jpg,1,val
non_violence /3216.jpg,0,val
non_violence /4264.jpg,0,val
non_violence /3785.jpg,0,val
non_violence /3805.jpg,0,val
violence /5705.jpg,1,val
non_violence /1352.jpg,0,val
violence /1589.jpg,1,val
violence /5609.jpg,1,val
non_violence /1362.jpg,0,val
non_violence /15.jpg,0,val
violence /4210.jpg,1,val
non_violence /3651.jpg,0,val
violence /5750.jpg,1,val
violence /3114.jpg,1,val
non_violence /1075.jpg,0,val
violence /5417.jpg,1,val
violence /2831.jpg,1,val
violence /144.jpg,1,val
violence /3256.jpg,1,val
violence /198.jpg,1,val
violence /231.jpg,1,val
violence /48.jpg,1,val
violence /5658.jpg,1,val
violence /2783.jpg,1,val
violence /1567.jpg,1,val
non_violence /4549.jpg,0,val
non_violence /5171.jpg,0,val
violence /3712.jpg,1,val
violence /447.jpg,1,val
violence /2337.jpg,1,val
violence /4072.jpg,1,val
violence /5334.jpg,1,val
violence /4291.jpg,1,val
violence /3414.jpg,1,val
non_violence /2287.jpg,0,val
non_violence /3180.jpg,0,val
violence /1077.jpg,1,val
violence /1859.jpg,1,val
non_violence /1130.jpg,0,val
non_violence /2097.jpg,0,val
non_violence /2260.jpg,0,val
non_violence /5175.jpg,0,val
violence /2003.jpg,1,val
non_violence /1788.jpg,0,val
violence /269.jpg,1,val
non_violence /2174.jpg,0,val
violence /1797.jpg,1,val
violence /1391.jpg,1,val
violence /3843.jpg,1,val
non_violence /162.jpg,0,val
violence /5262.jpg,1,val
non_violence /3200.jpg,0,val
violence /2184.jpg,1,val
violence /3915.jpg,1,val
violence /3279.jpg,1,val
violence /2123.jpg,1,val
non_violence /882.jpg,0,val
non_violence /2606.jpg,0,val
violence /5481.jpg,1,val
violence /4697.jpg,1,val
non_violence /4956.jpg,0,val
violence /5800.jpg,1,val
violence /4908.jpg,1,val
violence /4914.jpg,1,val
violence /1523.jpg,1,val
non_violence /2800.jpg,0,val
non_violence /52.jpg,0,val
violence /4002.jpg,1,val
violence /5525.jpg,1,val
violence /2486.jpg,1,val
non_violence /2227.jpg,0,val
violence /4483.jpg,1,val
violence /3278.jpg,1,val
non_violence /4285.jpg,0,val
violence /3487.jpg,1,val
violence /3704.jpg,1,val
non_violence /1485.jpg,0,val
non_violence /186.jpg,0,val
violence /1555.jpg,1,val
violence /1824.jpg,1,val
violence /786.jpg,1,val
non_violence /2654.jpg,0,val
non_violence /2391.jpg,0,val
non_violence /3724.jpg,0,val
violence /3338.jpg,1,val
non_violence /4619.jpg,0,val
violence /151.jpg,1,val
violence /2728.jpg,1,val
non_violence /3823.jpg,0,val
non_violence /3247.jpg,0,val
violence /4102.jpg,1,val
non_violence /2732.jpg,0,val
violence /3436.jpg,1,val
non_violence /281.jpg,0,val
violence /1768.jpg,1,val
non_violence /1152.jpg,0,val
violence /2864.jpg,1,val
non_violence /2126.jpg,0,val
non_violence /4140.jpg,0,val
non_violence /4710.jpg,0,val
violence /341.jpg,1,val
violence /5245.jpg,1,val
non_violence /1033.jpg,0,val
violence /1308.jpg,1,val
violence /5826.jpg,1,val
non_violence /5150.jpg,0,val
violence /732.jpg,1,val
violence /414.jpg,1,val
non_violence /1257.jpg,0,val
non_violence /5192.jpg,0,val
violence /5161.jpg,1,val
non_violence /5158.jpg,0,val
non_violence /1975.jpg,0,val
non_violence /3723.jpg,0,val
violence /1153.jpg,1,val
violence /1050.jpg,1,val
violence /588.jpg,1,val
violence /5797.jpg,1,val
non_violence /175.jpg,0,val
non_violence /191.jpg,0,val
violence /1368.jpg,1,val
violence /258.jpg,1,val
violence /4821.jpg,1,val
violence /2281.jpg,1,val
non_violence /4671.jpg,0,val
violence /3336.jpg,1,val
violence /2483.jpg,1,val
non_violence /442.jpg,0,val
non_violence /1873.jpg,0,val
violence /4080.jpg,1,val
violence /4468.jpg,1,val
non_violence /4856.jpg,0,val
violence /3131.jpg,1,val
non_violence /5070.jpg,0,val
non_violence /1383.jpg,0,val
non_violence /4343.jpg,0,val
violence /5404.jpg,1,val
violence /3911.jpg,1,val
non_violence /261.jpg,0,val
violence /2051.jpg,1,val
non_violence /1705.jpg,0,val
violence /4497.jpg,1,val
violence /2011.jpg,1,val
violence /4758.jpg,1,val
violence /335.jpg,1,val
violence /4035.jpg,1,val
violence /1806.jpg,1,val
violence /2186.jpg,1,val
violence /1750.jpg,1,val
violence /3099.jpg,1,val
non_violence /2806.jpg,0,val
non_violence /809.jpg,0,val
non_violence /1838.jpg,0,val
violence /1294.jpg,1,val
non_violence /3417.jpg,0,val
non_violence /4640.jpg,0,val
non_violence /3735.jpg,0,val
violence /5629.jpg,1,val
non_violence /587.jpg,0,val
non_violence /88.jpg,0,val
violence /5488.jpg,1,val
non_violence /1094.jpg,0,val
non_violence /317.jpg,0,val
non_violence /4861.jpg,0,val
violence /4869.jpg,1,val
non_violence /2068.jpg,0,val
violence /374.jpg,1,val
non_violence /2706.jpg,0,val
violence /4149.jpg,1,val
violence /4646.jpg,1,val
violence /1842.jpg,1,val
violence /5398.jpg,1,val
non_violence /5097.jpg,0,val
non_violence /2986.jpg,0,val
violence /3067.jpg,1,val
violence /5710.jpg,1,val
non_violence /4483.jpg,0,val
non_violence /3130.jpg,0,val
non_violence /1021.jpg,0,val
violence /5313.jpg,1,val
non_violence /595.jpg,0,val
non_violence /3006.jpg,0,val
violence /4266.jpg,1,val
violence /3133.jpg,1,val
non_violence /3900.jpg,0,val
non_violence /181.jpg,0,val
non_violence /4516.jpg,0,val
violence /2207.jpg,1,val
non_violence /4675.jpg,0,val
violence /1960.jpg,1,val
violence /142.jpg,1,val
violence /4955.jpg,1,val
violence /3857.jpg,1,val
non_violence /4331.jpg,0,val
violence /3459.jpg,1,val
violence /4898.jpg,1,val
violence /2695.jpg,1,val
non_violence /4706.jpg,0,val
violence /3331.jpg,1,val
violence /3083.jpg,1,val
non_violence /66.jpg,0,val
non_violence /1105.jpg,0,val
violence /1475.jpg,1,val
violence /4177.jpg,1,val
violence /1214.jpg,1,val
non_violence /2696.jpg,0,val
non_violence /3615.jpg,0,val
non_violence /2357.jpg,0,val
violence /2609.jpg,1,val
violence /1861.jpg,1,val
non_violence /3584.jpg,0,val
violence /376.jpg,1,val
non_violence /4646.jpg,0,val
non_violence /1940.jpg,0,val
non_violence /4237.jpg,0,val
violence /4027.jpg,1,val
non_violence /3142.jpg,0,val
violence /2741.jpg,1,val
violence /4492.jpg,1,val
non_violence /2674.jpg,0,val
non_violence /2886.jpg,0,val
non_violence /2153.jpg,0,val
non_violence /778.jpg,0,val
violence /1519.jpg,1,val
violence /2510.jpg,1,val
non_violence /2897.jpg,0,val
violence /635.jpg,1,val
non_violence /4059.jpg,0,val
non_violence /1871.jpg,0,val
non_violence /1823.jpg,0,val
violence /3853.jpg,1,val
violence /2664.jpg,1,val
violence /21.jpg,1,val
non_violence /378.jpg,0,val
non_violence /5147.jpg,0,val
violence /4472.jpg,1,val
violence /1606.jpg,1,val
non_violence /2443.jpg,0,val
violence /3651.jpg,1,val
violence /4901.jpg,1,val
non_violence /3012.jpg,0,val
non_violence /4567.jpg,0,val
violence /5241.jpg,1,val
violence /5495.jpg,1,val
violence /4372.jpg,1,val
violence /1772.jpg,1,val
violence /2779.jpg,1,val
violence /3330.jpg,1,val
non_violence /534.jpg,0,val
violence /5470.jpg,1,val
violence /5356.jpg,1,val
non_violence /3126.jpg,0,val
violence /3269.jpg,1,val
non_violence /3368.jpg,0,val
non_violence /2609.jpg,0,val
non_violence /1562.jpg,0,val
non_violence /3875.jpg,0,val
non_violence /238.jpg,0,val
non_violence /4056.jpg,0,val
non_violence /5020.jpg,0,val
violence /5310.jpg,1,val
non_violence /2359.jpg,0,val
violence /1223.jpg,1,val
non_violence /4440.jpg,0,val
violence /1671.jpg,1,val
non_violence /3834.jpg,0,val
violence /1860.jpg,1,val
violence /1380.jpg,1,val
violence /3948.jpg,1,val
non_violence /3941.jpg,0,val
violence /3852.jpg,1,val
violence /4855.jpg,1,val
non_violence /2455.jpg,0,val
non_violence /906.jpg,0,val
non_violence /3174.jpg,0,val
non_violence /2338.jpg,0,val
non_violence /2951.jpg,0,val
non_violence /5185.jpg,0,val
non_violence /1189.jpg,0,val
non_violence /2406.jpg,0,val
violence /448.jpg,1,val
violence /3563.jpg,1,val
violence /195.jpg,1,val
violence /4331.jpg,1,val
violence /1205.jpg,1,val
non_violence /3444.jpg,0,val
non_violence /4628.jpg,0,val
non_violence /3120.jpg,0,val
non_violence /2771.jpg,0,val
violence /4282.jpg,1,val
non_violence /510.jpg,0,val
non_violence /5214.jpg,0,val
violence /5727.jpg,1,val
non_violence /860.jpg,0,val
non_violence /1992.jpg,0,val
non_violence /2304.jpg,0,val
violence /2971.jpg,1,val
non_violence /4967.jpg,0,val
non_violence /556.jpg,0,val
non_violence /4814.jpg,0,val
non_violence /4678.jpg,0,val
violence /2956.jpg,1,val
violence /3239.jpg,1,val
non_violence /3925.jpg,0,val
violence /5765.jpg,1,val
non_violence /641.jpg,0,val
violence /114.jpg,1,val
non_violence /3347.jpg,0,val
violence /2791.jpg,1,val
non_violence /2783.jpg,0,val
non_violence /557.jpg,0,val
violence /857.jpg,1,val
non_violence /4928.jpg,0,val
non_violence /423.jpg,0,val
violence /3520.jpg,1,val
non_violence /5.jpg,0,val
non_violence /4515.jpg,0,val
violence /5791.jpg,1,val
violence /5680.jpg,1,val
non_violence /2177.jpg,0,val
violence /5517.jpg,1,val
violence /450.jpg,1,val
non_violence /4914.jpg,0,val
violence /842.jpg,1,val
non_violence /1882.jpg,0,val
violence /2441.jpg,1,val
non_violence /257.jpg,0,val
non_violence /686.jpg,0,val
non_violence /847.jpg,0,val
non_violence /2692.jpg,0,val
non_violence /3846.jpg,0,val
violence /3567.jpg,1,val
non_violence /1637.jpg,0,val
non_violence /1619.jpg,0,val
non_violence /296.jpg,0,val
violence /771.jpg,1,val
non_violence /3976.jpg,0,val
violence /3823.jpg,1,val
violence /981.jpg,1,val
violence /4506.jpg,1,val
violence /3809.jpg,1,val
violence /325.jpg,1,val
violence /222.jpg,1,val
violence /1982.jpg,1,val
violence /1135.jpg,1,val
non_violence /4373.jpg,0,val
non_violence /304.jpg,0,val
violence /1196.jpg,1,val
violence /3925.jpg,1,val
violence /5621.jpg,1,val
violence /1164.jpg,1,val
violence /3970.jpg,1,val
violence /5047.jpg,1,val
non_violence /4916.jpg,0,val
violence /3882.jpg,1,val
violence /5673.jpg,1,val
non_violence /4891.jpg,0,val
non_violence /751.jpg,0,val
violence /3283.jpg,1,val
non_violence /2830.jpg,0,val
violence /3439.jpg,1,val
non_violence /1077.jpg,0,val
violence /3260.jpg,1,val
non_violence /3357.jpg,0,val
non_violence /4128.jpg,0,val
violence /4847.jpg,1,val
non_violence /4849.jpg,0,val
non_violence /5223.jpg,0,val
non_violence /2932.jpg,0,val
violence /3475.jpg,1,val
non_violence /1166.jpg,0,val
non_violence /850.jpg,0,val
non_violence /3841.jpg,0,val
non_violence /5074.jpg,0,val
non_violence /5066.jpg,0,val
violence /1244.jpg,1,val
violence /1370.jpg,1,val
violence /1280.jpg,1,val
non_violence /4050.jpg,0,val
violence /4962.jpg,1,val
non_violence /5213.jpg,0,val
non_violence /2058.jpg,0,val
violence /1635.jpg,1,val
non_violence /1103.jpg,0,val
violence /2845.jpg,1,val
non_violence /513.jpg,0,val
violence /1016.jpg,1,val
violence /5746.jpg,1,val
violence /4800.jpg,1,val
violence /4288.jpg,1,val
non_violence /4484.jpg,0,val
violence /5819.jpg,1,val
violence /1950.jpg,1,val
non_violence /1489.jpg,0,val
non_violence /4744.jpg,0,val
non_violence /2968.jpg,0,val
violence /1372.jpg,1,val
non_violence /133.jpg,0,val
violence /3964.jpg,1,val
violence /1185.jpg,1,val
non_violence /4877.jpg,0,val
violence /5166.jpg,1,val
violence /285.jpg,1,val
non_violence /2302.jpg,0,val
violence /1358.jpg,1,val
violence /2682.jpg,1,val
violence /2555.jpg,1,val
violence /2933.jpg,1,val
violence /2254.jpg,1,val
violence /3038.jpg,1,val
violence /5498.jpg,1,val
non_violence /1399.jpg,0,val
non_violence /1054.jpg,0,val
non_violence /295.jpg,0,val
non_violence /3428.jpg,0,val
non_violence /610.jpg,0,val
violence /4346.jpg,1,val
non_violence /2109.jpg,0,val
non_violence /4397.jpg,0,val
non_violence /3435.jpg,0,val
non_violence /4520.jpg,0,val
non_violence /555.jpg,0,val
violence /4100.jpg,1,val
non_violence /1059.jpg,0,val
violence /4923.jpg,1,val
non_violence /3560.jpg,0,val
non_violence /3133.jpg,0,val
violence /5441.jpg,1,val
non_violence /357.jpg,0,val
non_violence /51.jpg,0,val
violence /5476.jpg,1,val
non_violence /1564.jpg,0,val
violence /346.jpg,1,val
violence /2091.jpg,1,val
non_violence /1826.jpg,0,val
violence /1714.jpg,1,val
non_violence /3967.jpg,0,val
violence /3418.jpg,1,val
violence /4008.jpg,1,val
violence /4592.jpg,1,val
violence /2176.jpg,1,val
non_violence /2272.jpg,0,val
violence /4272.jpg,1,val
violence /5082.jpg,1,val
non_violence /2098.jpg,0,val
non_violence /2476.jpg,0,val
violence /2913.jpg,1,val
non_violence /2663.jpg,0,val
violence /3794.jpg,1,val
non_violence /2296.jpg,0,val
non_violence /2480.jpg,0,val
violence /3086.jpg,1,val
non_violence /4656.jpg,0,val
non_violence /1558.jpg,0,val
violence /434.jpg,1,val
non_violence /1125.jpg,0,val
non_violence /450.jpg,0,val
violence /526.jpg,1,val
violence /2203.jpg,1,val
violence /5124.jpg,1,val
non_violence /4876.jpg,0,val
violence /2135.jpg,1,val
violence /1562.jpg,1,val
violence /1788.jpg,1,val
non_violence /1570.jpg,0,val
violence /73.jpg,1,val
violence /2443.jpg,1,val
violence /1147.jpg,1,val
non_violence /4616.jpg,0,val
violence /2144.jpg,1,val
violence /3598.jpg,1,val
non_violence /3732.jpg,0,val
non_violence /1901.jpg,0,val
violence /1652.jpg,1,val
non_violence /1332.jpg,0,val
violence /251.jpg,1,val
violence /4985.jpg,1,val
violence /5491.jpg,1,val
violence /2660.jpg,1,val
non_violence /3517.jpg,0,val
non_violence /4994.jpg,0,val
violence /1798.jpg,1,val
non_violence /1730.jpg,0,val
non_violence /1553.jpg,0,val
non_violence /4857.jpg,0,val
violence /1717.jpg,1,val
violence /2927.jpg,1,val
violence /935.jpg,1,val
violence /1688.jpg,1,val
violence /5634.jpg,1,val
non_violence /1046.jpg,0,val
violence /1108.jpg,1,val
non_violence /2701.jpg,0,val
non_violence /2331.jpg,0,val
violence /5143.jpg,1,val
violence /9.jpg,1,val
violence /5195.jpg,1,val
non_violence /1144.jpg,0,val
violence /3569.jpg,1,val
non_violence /1243.jpg,0,val
violence /4487.jpg,1,val
violence /4343.jpg,1,val
non_violence /2089.jpg,0,val
non_violence /2793.jpg,0,val
non_violence /903.jpg,0,val
violence /2578.jpg,1,val
violence /5670.jpg,1,val
non_violence /2934.jpg,0,val
violence /5382.jpg,1,val
violence /5703.jpg,1,val
non_violence /306.jpg,0,val
non_violence /2738.jpg,0,val
non_violence /4338.jpg,0,val
violence /2394.jpg,1,val
violence /1712.jpg,1,val
violence /5110.jpg,1,val
violence /186.jpg,1,val
violence /1676.jpg,1,val
violence /1004.jpg,1,val
violence /3764.jpg,1,val
violence /875.jpg,1,val
violence /5574.jpg,1,val
violence /1245.jpg,1,val
non_violence /2238.jpg,0,val
non_violence /1634.jpg,0,val
non_violence /2241.jpg,0,val
violence /3294.jpg,1,val
non_violence /3101.jpg,0,val
non_violence /3755.jpg,0,val
non_violence /169.jpg,0,val
non_violence /3051.jpg,0,val
non_violence /3687.jpg,0,val
violence /2612.jpg,1,val
violence /3584.jpg,1,val
violence /2183.jpg,1,val
violence /5633.jpg,1,val
non_violence /3337.jpg,0,val
violence /4959.jpg,1,val
non_violence /1508.jpg,0,val
non_violence /878.jpg,0,val
non_violence /873.jpg,0,val
violence /115.jpg,1,val
non_violence /400.jpg,0,val
non_violence /1916.jpg,0,val
non_violence /1439.jpg,0,val
violence /2096.jpg,1,val
violence /1508.jpg,1,val
violence /4377.jpg,1,val
non_violence /2522.jpg,0,val
non_violence /724.jpg,0,val
violence /1035.jpg,1,val
non_violence /4688.jpg,0,val
violence /560.jpg,1,val
non_violence /1737.jpg,0,val
violence /4774.jpg,1,val
non_violence /1153.jpg,0,val
violence /3954.jpg,1,val
violence /4402.jpg,1,val
violence /1252.jpg,1,val
violence /1360.jpg,1,val
violence /2723.jpg,1,val
non_violence /3685.jpg,0,val
violence /439.jpg,1,val
non_violence /4407.jpg,0,val
non_violence /2885.jpg,0,val
non_violence /774.jpg,0,val
non_violence /2073.jpg,0,val
non_violence /4182.jpg,0,val
violence /2876.jpg,1,val
non_violence /3630.jpg,0,val
violence /2590.jpg,1,val
non_violence /2457.jpg,0,val
non_violence /4897.jpg,0,val
violence /2285.jpg,1,val
non_violence /4291.jpg,0,val
violence /4360.jpg,1,val
violence /580.jpg,1,val
violence /2403.jpg,1,val
violence /4640.jpg,1,val
non_violence /1515.jpg,0,val
non_violence /368.jpg,0,val
non_violence /2867.jpg,0,val
non_violence /3592.jpg,0,val
non_violence /883.jpg,0,val
violence /1014.jpg,1,val
non_violence /760.jpg,0,val
non_violence /588.jpg,0,val
non_violence /1346.jpg,0,val
non_violence /2876.jpg,0,val
violence /1263.jpg,1,val
violence /2914.jpg,1,val
non_violence /3871.jpg,0,val
violence /4153.jpg,1,val
non_violence /3907.jpg,0,val
non_violence /2787.jpg,0,val
violence /3043.jpg,1,val
non_violence /3747.jpg,0,val
violence /582.jpg,1,val
violence /5443.jpg,1,val
non_violence /3980.jpg,0,val
non_violence /4365.jpg,0,val
violence /2188.jpg,1,val
violence /3291.jpg,1,val
non_violence /3404.jpg,0,val
non_violence /2451.jpg,0,val
non_violence /3117.jpg,0,val
violence /4182.jpg,1,val
violence /4470.jpg,1,val
non_violence /977.jpg,0,val
violence /5105.jpg,1,val
non_violence /2937.jpg,0,val
non_violence /3736.jpg,0,val
non_violence /3977.jpg,0,val
violence /5829.jpg,1,val
violence /5155.jpg,1,val
violence /4188.jpg,1,val
violence /1653.jpg,1,val
violence /4443.jpg,1,val
violence /3768.jpg,1,val
violence /599.jpg,1,val
violence /17.jpg,1,val
violence /5528.jpg,1,val
non_violence /2737.jpg,0,val
non_violence /1013.jpg,0,val
non_violence /4676.jpg,0,val
violence /2333.jpg,1,val
non_violence /3170.jpg,0,val
violence /20.jpg,1,val
non_violence /2734.jpg,0,val
violence /3854.jpg,1,val
violence /4088.jpg,1,val
non_violence /4637.jpg,0,val
violence /4858.jpg,1,val
violence /3223.jpg,1,val
violence /1342.jpg,1,val
violence /3953.jpg,1,val
violence /844.jpg,1,val
violence /5202.jpg,1,val
non_violence /599.jpg,0,val
violence /4708.jpg,1,val
violence /3663.jpg,1,val
non_violence /4510.jpg,0,val
non_violence /700.jpg,0,val
violence /925.jpg,1,val
non_violence /2791.jpg,0,val
violence /2818.jpg,1,val
non_violence /4035.jpg,0,val
violence /55.jpg,1,val
non_violence /2919.jpg,0,val
violence /5039.jpg,1,val
non_violence /2305.jpg,0,val
violence /3696.jpg,1,val
violence /3734.jpg,1,val
violence /4772.jpg,1,val
non_violence /2422.jpg,0,val
non_violence /1631.jpg,0,val
non_violence /237.jpg,0,val
non_violence /872.jpg,0,val
violence /5244.jpg,1,val
non_violence /2963.jpg,0,val
non_violence /1964.jpg,0,val
non_violence /5083.jpg,0,val
non_violence /5128.jpg,0,val
violence /191.jpg,1,val
non_violence /737.jpg,0,val
violence /4939.jpg,1,val
violence /5507.jpg,1,val
violence /5782.jpg,1,val
non_violence /3734.jpg,0,val
non_violence /3622.jpg,0,val
non_violence /5124.jpg,0,val
non_violence /4895.jpg,0,val
violence /641.jpg,1,val
violence /5132.jpg,1,val
violence /5493.jpg,1,val
non_violence /2351.jpg,0,val
non_violence /499.jpg,0,val
violence /4089.jpg,1,val
non_violence /627.jpg,0,val
violence /455.jpg,1,val
violence /5185.jpg,1,val
non_violence /4047.jpg,0,val
non_violence /4473.jpg,0,val
non_violence /64.jpg,0,val
non_violence /76.jpg,0,val
violence /4867.jpg,1,val
non_violence /1081.jpg,0,val
non_violence /3476.jpg,0,val
non_violence /2590.jpg,0,val
violence /3147.jpg,1,val
non_violence /3857.jpg,0,val
violence /915.jpg,1,val
violence /539.jpg,1,val
non_violence /3742.jpg,0,val
violence /3444.jpg,1,val
violence /2731.jpg,1,val
violence /1149.jpg,1,val
non_violence /4211.jpg,0,val
violence /3466.jpg,1,val
non_violence /4846.jpg,0,val
non_violence /2396.jpg,0,val
non_violence /2653.jpg,0,val
violence /3490.jpg,1,val
violence /2790.jpg,1,val
violence /427.jpg,1,val
non_violence /2552.jpg,0,val
non_violence /4078.jpg,0,val
violence /4133.jpg,1,val
violence /3357.jpg,1,val
violence /4945.jpg,1,val
violence /4917.jpg,1,val
non_violence /256.jpg,0,val
violence /347.jpg,1,val
violence /1116.jpg,1,val
violence /4565.jpg,1,val
violence /3441.jpg,1,val
violence /1511.jpg,1,val
violence /5392.jpg,1,val
violence /117.jpg,1,val
non_violence /2917.jpg,0,val
violence /4042.jpg,1,val
violence /4239.jpg,1,val
violence /3654.jpg,1,val
non_violence /377.jpg,0,val
violence /5439.jpg,1,val
violence /2012.jpg,1,val
violence /3259.jpg,1,val
non_violence /5048.jpg,0,val
non_violence /3876.jpg,0,val
non_violence /893.jpg,0,val
non_violence /525.jpg,0,val
non_violence /192.jpg,0,val
non_violence /1913.jpg,0,val
violence /3065.jpg,1,val
non_violence /5072.jpg,0,val
non_violence /986.jpg,0,val
violence /2824.jpg,1,val
non_violence /4243.jpg,0,val
non_violence /4507.jpg,0,val
violence /5779.jpg,1,val
violence /3902.jpg,1,val
violence /3081.jpg,1,val
non_violence /1058.jpg,0,val
violence /551.jpg,1,val
non_violence /4854.jpg,0,val
violence /5109.jpg,1,val
violence /5667.jpg,1,val
violence /5314.jpg,1,val
violence /534.jpg,1,val
non_violence /1329.jpg,0,val
non_violence /2751.jpg,0,val
non_violence /3138.jpg,0,val
non_violence /5146.jpg,0,val
non_violence /2597.jpg,0,val
violence /3743.jpg,1,val
violence /3585.jpg,1,val
non_violence /3800.jpg,0,val
violence /2307.jpg,1,val
non_violence /558.jpg,0,val
non_violence /4504.jpg,0,val
violence /5539.jpg,1,val
non_violence /3655.jpg,0,val
violence /5767.jpg,1,val
non_violence /3623.jpg,0,val
violence /3347.jpg,1,val
non_violence /3260.jpg,0,val
violence /5337.jpg,1,val
violence /330.jpg,1,val
violence /5321.jpg,1,val
violence /1769.jpg,1,val
violence /3892.jpg,1,val
violence /4943.jpg,1,val
violence /4963.jpg,1,val
non_violence /1673.jpg,0,val
violence /912.jpg,1,val
non_violence /5221.jpg,0,val
violence /536.jpg,1,val
non_violence /4643.jpg,0,val
violence /1990.jpg,1,val
non_violence /2918.jpg,0,val
non_violence /4819.jpg,0,val
violence /4968.jpg,1,val
non_violence /2165.jpg,0,val
non_violence /854.jpg,0,val
non_violence /4650.jpg,0,val
violence /5312.jpg,1,val
violence /1426.jpg,1,val
non_violence /2778.jpg,0,val
violence /4714.jpg,1,val
non_violence /1986.jpg,0,val
violence /4778.jpg,1,val
non_violence /1680.jpg,0,val
violence /1482.jpg,1,val
non_violence /2805.jpg,0,val
non_violence /680.jpg,0,val
violence /2654.jpg,1,val
violence /585.jpg,1,val
violence /3918.jpg,1,val
non_violence /1849.jpg,0,val
non_violence /3215.jpg,0,val
non_violence /1868.jpg,0,val
non_violence /2819.jpg,0,val
non_violence /245.jpg,0,val
violence /477.jpg,1,val
violence /5275.jpg,1,val
violence /4991.jpg,1,val
non_violence /733.jpg,0,val
violence /5208.jpg,1,val
non_violence /1090.jpg,0,val
violence /4260.jpg,1,val
violence /3035.jpg,1,val
violence /4525.jpg,1,val
violence /1386.jpg,1,val
non_violence /1337.jpg,0,val
violence /1576.jpg,1,val
non_violence /637.jpg,0,val
violence /4686.jpg,1,val
non_violence /2803.jpg,0,val
non_violence /4198.jpg,0,val
violence /746.jpg,1,val
violence /4718.jpg,1,val
non_violence /3775.jpg,0,val
violence /3420.jpg,1,val
violence /426.jpg,1,val
non_violence /4841.jpg,0,val
violence /884.jpg,1,val
violence /5256.jpg,1,val
non_violence /4039.jpg,0,val
violence /4125.jpg,1,val
violence /5369.jpg,1,val
violence /3786.jpg,1,val
non_violence /3667.jpg,0,val
violence /957.jpg,1,val
non_violence /411.jpg,0,val
non_violence /3762.jpg,0,val
non_violence /360.jpg,0,val
non_violence /4401.jpg,0,val
non_violence /5096.jpg,0,val
non_violence /3948.jpg,0,val
violence /4734.jpg,1,val
non_violence /339.jpg,0,val
violence /419.jpg,1,val
violence /4558.jpg,1,val
non_violence /3445.jpg,0,val
violence /2102.jpg,1,val
violence /4731.jpg,1,val
non_violence /263.jpg,0,val
non_violence /974.jpg,0,val
violence /4546.jpg,1,val
non_violence /3433.jpg,0,val
non_violence /3489.jpg,0,val
violence /5219.jpg,1,val
violence /5828.jpg,1,val
violence /2458.jpg,1,val
non_violence /3590.jpg,0,val
violence /2795.jpg,1,val
violence /5359.jpg,1,val
non_violence /832.jpg,0,val
non_violence /2593.jpg,0,val
non_violence /3305.jpg,0,val
violence /2879.jpg,1,val
non_violence /3338.jpg,0,val
non_violence /5014.jpg,0,val
violence /5594.jpg,1,val
non_violence /4169.jpg,0,val
violence /4663.jpg,1,val
violence /3710.jpg,1,val
non_violence /1431.jpg,0,val
non_violence /1832.jpg,0,val
violence /2439.jpg,1,val
non_violence /161.jpg,0,val
non_violence /3818.jpg,0,val
non_violence /3184.jpg,0,val
non_violence /2573.jpg,0,val
violence /561.jpg,1,val
violence /3735.jpg,1,val
violence /1480.jpg,1,val
non_violence /4375.jpg,0,val
violence /1059.jpg,1,val
non_violence /755.jpg,0,val
violence /3700.jpg,1,val
violence /3641.jpg,1,val
non_violence /4051.jpg,0,val
violence /4317.jpg,1,val
non_violence /1651.jpg,0,val
non_violence /3579.jpg,0,val
non_violence /4972.jpg,0,val
non_violence /2809.jpg,0,val
non_violence /3497.jpg,0,val
violence /5307.jpg,1,val
violence /4930.jpg,1,val
violence /175.jpg,1,val
violence /5153.jpg,1,val
violence /3164.jpg,1,val
violence /782.jpg,1,val
non_violence /1293.jpg,0,val
violence /2124.jpg,1,val
violence /4092.jpg,1,val
violence /1611.jpg,1,val
non_violence /1529.jpg,0,val
non_violence /1002.jpg,0,val
non_violence /5093.jpg,0,val
violence /1978.jpg,1,val
non_violence /2232.jpg,0,val
non_violence /1212.jpg,0,val
non_violence /2154.jpg,0,val
violence /3959.jpg,1,val
violence /5572.jpg,1,val
violence /3110.jpg,1,val
non_violence /418.jpg,0,val
non_violence /3558.jpg,0,val
non_violence /5138.jpg,0,val
violence /178.jpg,1,val
non_violence /4254.jpg,0,val
non_violence /294.jpg,0,val
non_violence /4524.jpg,0,val
non_violence /2213.jpg,0,val
non_violence /349.jpg,0,val
non_violence /4353.jpg,0,val
non_violence /2346.jpg,0,val
non_violence /3867.jpg,0,val
violence /4788.jpg,1,val
violence /2505.jpg,1,val
non_violence /1924.jpg,0,val
violence /4427.jpg,1,val
violence /2721.jpg,1,val
violence /4724.jpg,1,val
violence /4494.jpg,1,val
violence /4612.jpg,1,val
non_violence /2678.jpg,0,val
violence /4860.jpg,1,val
violence /5058.jpg,1,val
non_violence /2929.jpg,0,val
non_violence /4959.jpg,0,val
non_violence /1320.jpg,0,val
non_violence /474.jpg,0,val
violence /3581.jpg,1,val
non_violence /1182.jpg,0,val
non_violence /4092.jpg,0,val
non_violence /3122.jpg,0,val
violence /2932.jpg,1,val
non_violence /4091.jpg,0,val
non_violence /301.jpg,0,val
non_violence /1930.jpg,0,val
violence /2528.jpg,1,val
non_violence /5057.jpg,0,val
violence /1006.jpg,1,val
violence /3231.jpg,1,val
non_violence /2914.jpg,0,val
violence /248.jpg,1,val
violence /754.jpg,1,val
violence /1492.jpg,1,val
violence /5478.jpg,1,val
violence /3360.jpg,1,val
violence /5163.jpg,1,val
violence /4808.jpg,1,val
non_violence /2999.jpg,0,val
violence /3403.jpg,1,val
non_violence /4938.jpg,0,val
violence /5627.jpg,1,val
violence /5638.jpg,1,val
non_violence /2557.jpg,0,val
non_violence /3613.jpg,0,val
non_violence /3370.jpg,0,val
violence /4699.jpg,1,val
violence /504.jpg,1,val
violence /3606.jpg,1,val
violence /1556.jpg,1,val
violence /4951.jpg,1,val
violence /2739.jpg,1,val
violence /2828.jpg,1,val
non_violence /3025.jpg,0,val
non_violence /3172.jpg,0,val
non_violence /3472.jpg,0,val
non_violence /561.jpg,0,val
violence /783.jpg,1,val
non_violence /3700.jpg,0,val
violence /4085.jpg,1,val
violence /5832.jpg,1,val
violence /820.jpg,1,val
violence /3883.jpg,1,val
violence /3245.jpg,1,val
non_violence /2315.jpg,0,val
non_violence /3193.jpg,0,val
violence /2039.jpg,1,val
violence /2985.jpg,1,val
violence /5661.jpg,1,val
violence /5501.jpg,1,val
non_violence /2825.jpg,0,val
violence /1097.jpg,1,val
non_violence /252.jpg,0,val
violence /4112.jpg,1,val
non_violence /2845.jpg,0,val
violence /3629.jpg,1,val
violence /4765.jpg,1,val
non_violence /3390.jpg,0,val
non_violence /1448.jpg,0,val
violence /136.jpg,1,val
violence /828.jpg,1,val
non_violence /2550.jpg,0,val
non_violence /2175.jpg,0,val
violence /3984.jpg,1,val
violence /5512.jpg,1,val
non_violence /1513.jpg,0,val
violence /2128.jpg,1,val
violence /708.jpg,1,val
violence /2256.jpg,1,val
non_violence /2149.jpg,0,val
non_violence /3767.jpg,0,val
violence /2869.jpg,1,val
non_violence /1640.jpg,0,val
violence /1939.jpg,1,val
non_violence /2698.jpg,0,val
non_violence /2936.jpg,0,val
non_violence /434.jpg,0,val
non_violence /2638.jpg,0,val
non_violence /1247.jpg,0,val
violence /5222.jpg,1,val
violence /307.jpg,1,val
violence /2284.jpg,1,val
violence /5717.jpg,1,val
non_violence /2233.jpg,0,val
violence /1761.jpg,1,val
non_violence /2902.jpg,0,val
violence /2473.jpg,1,val
violence /5213.jpg,1,val
violence /3370.jpg,1,val
non_violence /970.jpg,0,val
non_violence /4999.jpg,0,val
non_violence /1465.jpg,0,val
violence /2275.jpg,1,val
violence /4661.jpg,1,val
violence /5630.jpg,1,val
non_violence /3139.jpg,0,val
violence /3240.jpg,1,val
non_violence /1829.jpg,0,val
violence /5570.jpg,1,val
violence /945.jpg,1,val
violence /1734.jpg,1,val
non_violence /3296.jpg,0,val
violence /3951.jpg,1,val
non_violence /1589.jpg,0,val
violence /240.jpg,1,val
violence /4375.jpg,1,val
non_violence /1695.jpg,0,val
violence /5425.jpg,1,val
violence /5721.jpg,1,val
non_violence /5111.jpg,0,test
non_violence /592.jpg,0,test
non_violence /2665.jpg,0,test
violence /4760.jpg,1,test
violence /12.jpg,1,test
non_violence /1890.jpg,0,test
violence /719.jpg,1,test
non_violence /3856.jpg,0,test
violence /1290.jpg,1,test
non_violence /3182.jpg,0,test
violence /4675.jpg,1,test
violence /669.jpg,1,test
non_violence /5004.jpg,0,test
violence /2627.jpg,1,test
violence /4950.jpg,1,test
non_violence /4033.jpg,0,test
non_violence /1636.jpg,0,test
non_violence /145.jpg,0,test
non_violence /1598.jpg,0,test
violence /4206.jpg,1,test
non_violence /3963.jpg,0,test
non_violence /2037.jpg,0,test
violence /1724.jpg,1,test
non_violence /397.jpg,0,test
violence /1544.jpg,1,test
non_violence /2151.jpg,0,test
non_violence /110.jpg,0,test
violence /162.jpg,1,test
violence /4264.jpg,1,test
violence /2773.jpg,1,test
non_violence /4036.jpg,0,test
non_violence /2442.jpg,0,test
non_violence /1417.jpg,0,test
non_violence /1011.jpg,0,test
violence /4530.jpg,1,test
non_violence /3764.jpg,0,test
violence /1265.jpg,1,test
violence /733.jpg,1,test
non_violence /2635.jpg,0,test
non_violence /3777.jpg,0,test
violence /436.jpg,1,test
non_violence /3468.jpg,0,test
non_violence /1199.jpg,0,test
non_violence /3155.jpg,0,test
non_violence /4270.jpg,0,test
non_violence /5007.jpg,0,test
violence /3895.jpg,1,test
violence /1385.jpg,1,test
non_violence /164.jpg,0,test
violence /2230.jpg,1,test
violence /4806.jpg,1,test
violence /183.jpg,1,test
violence /2105.jpg,1,test
violence /1011.jpg,1,test
violence /2063.jpg,1,test
violence /5687.jpg,1,test
non_violence /3392.jpg,0,test
violence /1213.jpg,1,test
violence /2953.jpg,1,test
violence /803.jpg,1,test
violence /2315.jpg,1,test
non_violence /1451.jpg,0,test
violence /308.jpg,1,test
violence /1826.jpg,1,test
non_violence /1111.jpg,0,test
violence /5514.jpg,1,test
violence /2009.jpg,1,test
violence /4122.jpg,1,test
non_violence /560.jpg,0,test
violence /2522.jpg,1,test
violence /2033.jpg,1,test
violence /1163.jpg,1,test
violence /5386.jpg,1,test
non_violence /4124.jpg,0,test
violence /5518.jpg,1,test
violence /1856.jpg,1,test
non_violence /1876.jpg,0,test
non_violence /4720.jpg,0,test
non_violence /830.jpg,0,test
violence /5547.jpg,1,test
non_violence /3552.jpg,0,test
non_violence /4385.jpg,0,test
violence /1361.jpg,1,test
non_violence /2496.jpg,0,test
non_violence /5191.jpg,0,test
non_violence /1599.jpg,0,test
violence /1216.jpg,1,test
non_violence /2623.jpg,0,test
non_violence /4454.jpg,0,test
violence /3965.jpg,1,test
violence /3670.jpg,1,test
non_violence /4905.jpg,0,test
violence /683.jpg,1,test
non_violence /3255.jpg,0,test
non_violence /2927.jpg,0,test
non_violence /1129.jpg,0,test
non_violence /5075.jpg,0,test
violence /4741.jpg,1,test
violence /4636.jpg,1,test
non_violence /4740.jpg,0,test
non_violence /473.jpg,0,test
non_violence /4160.jpg,0,test
non_violence /2548.jpg,0,test
non_violence /518.jpg,0,test
violence /765.jpg,1,test
violence /168.jpg,1,test
violence /2231.jpg,1,test
violence /3068.jpg,1,test
non_violence /839.jpg,0,test
non_violence /5086.jpg,0,test
violence /5692.jpg,1,test
violence /3421.jpg,1,test
non_violence /3726.jpg,0,test
violence /5205.jpg,1,test
non_violence /3653.jpg,0,test
violence /4411.jpg,1,test
violence /2868.jpg,1,test
non_violence /2224.jpg,0,test
violence /4831.jpg,1,test
non_violence /5224.jpg,0,test
non_violence /325.jpg,0,test
violence /3653.jpg,1,test
non_violence /3206.jpg,0,test
non_violence /4168.jpg,0,test
non_violence /653.jpg,0,test
violence /2635.jpg,1,test
violence /1452.jpg,1,test
non_violence /1457.jpg,0,test
violence /740.jpg,1,test
non_violence /329.jpg,0,test
violence /5437.jpg,1,test
non_violence /4970.jpg,0,test
non_violence /2854.jpg,0,test
non_violence /1911.jpg,0,test
non_violence /1000.jpg,0,test
violence /2744.jpg,1,test
violence /214.jpg,1,test
non_violence /549.jpg,0,test
non_violence /309.jpg,0,test
violence /1594.jpg,1,test
non_violence /502.jpg,0,test
non_violence /3970.jpg,0,test
violence /4053.jpg,1,test
non_violence /2908.jpg,0,test
non_violence /1591.jpg,0,test
violence /210.jpg,1,test
non_violence /100.jpg,0,test
violence /2603.jpg,1,test
non_violence /2414.jpg,0,test
non_violence /2913.jpg,0,test
violence /5168.jpg,1,test
non_violence /2991.jpg,0,test
non_violence /690.jpg,0,test
non_violence /859.jpg,0,test
violence /630.jpg,1,test
non_violence /1206.jpg,0,test
non_violence /3636.jpg,0,test
non_violence /2495.jpg,0,test
violence /5662.jpg,1,test
violence /4254.jpg,1,test
non_violence /4279.jpg,0,test
non_violence /2697.jpg,0,test
non_violence /4926.jpg,0,test
non_violence /1971.jpg,0,test
non_violence /3706.jpg,0,test
violence /2619.jpg,1,test
non_violence /4100.jpg,0,test
non_violence /3957.jpg,0,test
violence /1065.jpg,1,test
violence /5230.jpg,1,test
non_violence /3048.jpg,0,test
non_violence /1731.jpg,0,test
non_violence /2411.jpg,0,test
non_violence /1225.jpg,0,test
non_violence /151.jpg,0,test
non_violence /3659.jpg,0,test
violence /4489.jpg,1,test
violence /2347.jpg,1,test
violence /159.jpg,1,test
violence /4564.jpg,1,test
non_violence /3251.jpg,0,test
violence /3840.jpg,1,test
violence /2302.jpg,1,test
non_violence /2509.jpg,0,test
non_violence /484.jpg,0,test
violence /3122.jpg,1,test
violence /2832.jpg,1,test
non_violence /3938.jpg,0,test
non_violence /4010.jpg,0,test
non_violence /2866.jpg,0,test
violence /3517.jpg,1,test
non_violence /2470.jpg,0,test
non_violence /4988.jpg,0,test
non_violence /767.jpg,0,test
non_violence /3731.jpg,0,test
violence /679.jpg,1,test
violence /4460.jpg,1,test
violence /5326.jpg,1,test
violence /1821.jpg,1,test
non_violence /1169.jpg,0,test
non_violence /3430.jpg,0,test
violence /283.jpg,1,test
non_violence /852.jpg,0,test
violence /2325.jpg,1,test
non_violence /3788.jpg,0,test
non_violence /3804.jpg,0,test
non_violence /2840.jpg,0,test
violence /5220.jpg,1,test
non_violence /2466.jpg,0,test
violence /5187.jpg,1,test
non_violence /1715.jpg,0,test
non_violence /3091.jpg,0,test
violence /5415.jpg,1,test
non_violence /3188.jpg,0,test
violence /1987.jpg,1,test
non_violence /4722.jpg,0,test
violence /1253.jpg,1,test
non_violence /562.jpg,0,test
violence /3386.jpg,1,test
violence /5378.jpg,1,test
non_violence /4467.jpg,0,test
violence /971.jpg,1,test
violence /4420.jpg,1,test
violence /996.jpg,1,test
violence /1900.jpg,1,test
violence /3310.jpg,1,test
violence /4359.jpg,1,test
non_violence /2481.jpg,0,test
violence /256.jpg,1,test
violence /4874.jpg,1,test
violence /3707.jpg,1,test
non_violence /5172.jpg,0,test
violence /5622.jpg,1,test
violence /1941.jpg,1,test
violence /5296.jpg,1,test
violence /1327.jpg,1,test
non_violence /2559.jpg,0,test
non_violence /1951.jpg,0,test
violence /2667.jpg,1,test
violence /2485.jpg,1,test
violence /3249.jpg,1,test
non_violence /2515.jpg,0,test
non_violence /2872.jpg,0,test
non_violence /2311.jpg,0,test
violence /3523.jpg,1,test
non_violence /2386.jpg,0,test
violence /5331.jpg,1,test
non_violence /4989.jpg,0,test
non_violence /1047.jpg,0,test
non_violence /2713.jpg,0,test
violence /4845.jpg,1,test
violence /2321.jpg,1,test
non_violence /3421.jpg,0,test
non_violence /354.jpg,0,test
non_violence /3604.jpg,0,test
violence /5200.jpg,1,test
violence /4795.jpg,1,test
violence /2888.jpg,1,test
non_violence /2786.jpg,0,test
non_violence /2435.jpg,0,test
violence /4738.jpg,1,test
non_violence /4581.jpg,0,test
violence /2589.jpg,1,test
non_violence /381.jpg,0,test
violence /1809.jpg,1,test
violence /2691.jpg,1,test
violence /1699.jpg,1,test
non_violence /541.jpg,0,test
non_violence /3808.jpg,0,test
non_violence /3333.jpg,0,test
violence /5196.jpg,1,test
violence /3432.jpg,1,test
non_violence /3064.jpg,0,test
violence /4852.jpg,1,test
violence /5229.jpg,1,test
non_violence /620.jpg,0,test
violence /4479.jpg,1,test
non_violence /3463.jpg,0,test
violence /3003.jpg,1,test
violence /776.jpg,1,test
violence /4691.jpg,1,test
non_violence /1343.jpg,0,test
violence /2179.jpg,1,test
violence /4777.jpg,1,test
non_violence /3462.jpg,0,test
non_violence /2030.jpg,0,test
non_violence /3349.jpg,0,test
non_violence /1126.jpg,0,test
non_violence /688.jpg,0,test
violence /2642.jpg,1,test
non_violence /4052.jpg,0,test
violence /5668.jpg,1,test
violence /4949.jpg,1,test
non_violence /4529.jpg,0,test
non_violence /4159.jpg,0,test
non_violence /3532.jpg,0,test
violence /1303.jpg,1,test
violence /1819.jpg,1,test
non_violence /4867.jpg,0,test
violence /2785.jpg,1,test
violence /4710.jpg,1,test
non_violence /3494.jpg,0,test
violence /698.jpg,1,test
non_violence /3523.jpg,0,test
non_violence /4922.jpg,0,test
violence /2904.jpg,1,test
violence /1762.jpg,1,test
non_violence /2813.jpg,0,test
non_violence /424.jpg,0,test
violence /5207.jpg,1,test
violence /5342.jpg,1,test
violence /2178.jpg,1,test
violence /3102.jpg,1,test
violence /262.jpg,1,test
violence /4973.jpg,1,test
non_violence /504.jpg,0,test
violence /5062.jpg,1,test
violence /1979.jpg,1,test
violence /1037.jpg,1,test
violence /2456.jpg,1,test
non_violence /3123.jpg,0,test
violence /3868.jpg,1,test
violence /2131.jpg,1,test
violence /5552.jpg,1,test
violence /4043.jpg,1,test
non_violence /3151.jpg,0,test
violence /2255.jpg,1,test
violence /2703.jpg,1,test
non_violence /4847.jpg,0,test
violence /4310.jpg,1,test
non_violence /346.jpg,0,test
non_violence /1909.jpg,0,test
violence /1404.jpg,1,test
non_violence /2558.jpg,0,test
non_violence /61.jpg,0,test
non_violence /5060.jpg,0,test
non_violence /4770.jpg,0,test
violence /3392.jpg,1,test
violence /603.jpg,1,test
violence /2092.jpg,1,test
non_violence /2776.jpg,0,test
violence /5184.jpg,1,test
non_violence /1503.jpg,0,test
non_violence /4234.jpg,0,test
violence /4157.jpg,1,test
violence /4356.jpg,1,test
violence /5644.jpg,1,test
non_violence /2612.jpg,0,test
violence /4790.jpg,1,test
violence /3687.jpg,1,test
non_violence /1894.jpg,0,test
violence /392.jpg,1,test
violence /2810.jpg,1,test
violence /2940.jpg,1,test
violence /167.jpg,1,test
violence /1395.jpg,1,test
violence /1235.jpg,1,test
violence /2776.jpg,1,test
violence /5541.jpg,1,test
violence /862.jpg,1,test
violence /4570.jpg,1,test
violence /509.jpg,1,test
non_violence /384.jpg,0,test
violence /2601.jpg,1,test
violence /3495.jpg,1,test
non_violence /25.jpg,0,test
non_violence /2642.jpg,0,test
non_violence /467.jpg,0,test
non_violence /3454.jpg,0,test
non_violence /954.jpg,0,test
violence /1836.jpg,1,test
non_violence /818.jpg,0,test
non_violence /3553.jpg,0,test
non_violence /3589.jpg,0,test
violence /1863.jpg,1,test
violence /4958.jpg,1,test
non_violence /183.jpg,0,test
violence /2870.jpg,1,test
non_violence /4355.jpg,0,test
violence /5438.jpg,1,test
non_violence /1601.jpg,0,test
violence /3281.jpg,1,test
violence /508.jpg,1,test
non_violence /4624.jpg,0,test
non_violence /2376.jpg,0,test
non_violence /4109.jpg,0,test
violence /4559.jpg,1,test
non_violence /69.jpg,0,test
violence /5643.jpg,1,test
non_violence /4866.jpg,0,test
non_violence /1269.jpg,0,test
non_violence /3909.jpg,0,test
violence /2768.jpg,1,test
non_violence /1142.jpg,0,test
non_violence /4116.jpg,0,test
violence /278.jpg,1,test
violence /1211.jpg,1,test
non_violence /3692.jpg,0,test
non_violence /3618.jpg,0,test
non_violence /4199.jpg,0,test
non_violence /4795.jpg,0,test
non_violence /3858.jpg,0,test
non_violence /1861.jpg,0,test
violence /5318.jpg,1,test
violence /1397.jpg,1,test
non_violence /1500.jpg,0,test
violence /3636.jpg,1,test
violence /3544.jpg,1,test
non_violence /1514.jpg,0,test
non_violence /4756.jpg,0,test
violence /2540.jpg,1,test
non_violence /1104.jpg,0,test
non_violence /3698.jpg,0,test
violence /2390.jpg,1,test
violence /2487.jpg,1,test
non_violence /3010.jpg,0,test
violence /3213.jpg,1,test
non_violence /3943.jpg,0,test
violence /3527.jpg,1,test
non_violence /2524.jpg,0,test
non_violence /995.jpg,0,test
violence /2446.jpg,1,test
violence /1757.jpg,1,test
non_violence /3609.jpg,0,test
violence /5704.jpg,1,test
non_violence /436.jpg,0,test
non_violence /54.jpg,0,test
non_violence /441.jpg,0,test
violence /5118.jpg,1,test
violence /2961.jpg,1,test
non_violence /120.jpg,0,test
non_violence /2935.jpg,0,test
violence /5660.jpg,1,test
violence /397.jpg,1,test
violence /1335.jpg,1,test
non_violence /1418.jpg,0,test
non_violence /3677.jpg,0,test
violence /4888.jpg,1,test
violence /2367.jpg,1,test
non_violence /544.jpg,0,test
violence /3318.jpg,1,test
violence /113.jpg,1,test
non_violence /1353.jpg,0,test
violence /5073.jpg,1,test
non_violence /4752.jpg,0,test
violence /2987.jpg,1,test
non_violence /2632.jpg,0,test
non_violence /1440.jpg,0,test
non_violence /2842.jpg,0,test
non_violence /1643.jpg,0,test
violence /3645.jpg,1,test
violence /985.jpg,1,test
violence /3859.jpg,1,test
non_violence /3642.jpg,0,test
non_violence /247.jpg,0,test
non_violence /4434.jpg,0,test
violence /2478.jpg,1,test
violence /2169.jpg,1,test
violence /5810.jpg,1,test
non_violence /2576.jpg,0,test
violence /931.jpg,1,test
violence /4208.jpg,1,test
violence /4354.jpg,1,test
non_violence /545.jpg,0,test
non_violence /1538.jpg,0,test
violence /5781.jpg,1,test
non_violence /2760.jpg,0,test
non_violence /2933.jpg,0,test
violence /1733.jpg,1,test
non_violence /4135.jpg,0,test
violence /1326.jpg,1,test
violence /1811.jpg,1,test
violence /696.jpg,1,test
non_violence /2736.jpg,0,test
non_violence /5040.jpg,0,test
non_violence /1857.jpg,0,test
violence /4201.jpg,1,test
non_violence /547.jpg,0,test
non_violence /4703.jpg,0,test
non_violence /1101.jpg,0,test
non_violence /1533.jpg,0,test
violence /1577.jpg,1,test
violence /2396.jpg,1,test
violence /2109.jpg,1,test
violence /4568.jpg,1,test
violence /4179.jpg,1,test
violence /2893.jpg,1,test
non_violence /1789.jpg,0,test
non_violence /2410.jpg,0,test
violence /899.jpg,1,test
non_violence /794.jpg,0,test
violence /5029.jpg,1,test
non_violence /950.jpg,0,test
non_violence /3525.jpg,0,test
violence /293.jpg,1,test
non_violence /2832.jpg,0,test
non_violence /1802.jpg,0,test
violence /4146.jpg,1,test
violence /2687.jpg,1,test
violence /2692.jpg,1,test
violence /3557.jpg,1,test
violence /4371.jpg,1,test
violence /4004.jpg,1,test
violence /3000.jpg,1,test
violence /177.jpg,1,test
non_violence /3528.jpg,0,test
non_violence /3863.jpg,0,test
non_violence /2243.jpg,0,test
violence /3603.jpg,1,test
non_violence /4778.jpg,0,test
non_violence /2781.jpg,0,test
non_violence /2047.jpg,0,test
non_violence /1627.jpg,0,test
non_violence /1626.jpg,0,test
non_violence /609.jpg,0,test
violence /3167.jpg,1,test
violence /4047.jpg,1,test
violence /5140.jpg,1,test
violence /4722.jpg,1,test
violence /5190.jpg,1,test
non_violence /1545.jpg,0,test
non_violence /1967.jpg,0,test
violence /3822.jpg,1,test
violence /4261.jpg,1,test
non_violence /1972.jpg,0,test
non_violence /5082.jpg,0,test
violence /825.jpg,1,test
violence /2867.jpg,1,test
violence /1247.jpg,1,test
violence /18.jpg,1,test
violence /5212.jpg,1,test
violence /3858.jpg,1,test
non_violence /3752.jpg,0,test
non_violence /3899.jpg,0,test
violence /3874.jpg,1,test
non_violence /1764.jpg,0,test
non_violence /3620.jpg,0,test
non_violence /5170.jpg,0,test
violence /2218.jpg,1,test
non_violence /2508.jpg,0,test
violence /3862.jpg,1,test
violence /2594.jpg,1,test
non_violence /3231.jpg,0,test
non_violence /2707.jpg,0,test
violence /3604.jpg,1,test
violence /4635.jpg,1,test
non_violence /3803.jpg,0,test
violence /4736.jpg,1,test
non_violence /1740.jpg,0,test
violence /498.jpg,1,test
violence /2701.jpg,1,test
violence /5269.jpg,1,test
violence /2630.jpg,1,test
violence /5306.jpg,1,test
violence /3693.jpg,1,test
violence /3591.jpg,1,test
violence /3698.jpg,1,test
violence /1467.jpg,1,test
violence /2050.jpg,1,test
non_violence /4587.jpg,0,test
non_violence /2639.jpg,0,test
non_violence /203.jpg,0,test
violence /1199.jpg,1,test
violence /5384.jpg,1,test
violence /4523.jpg,1,test
non_violence /2179.jpg,0,test
non_violence /33.jpg,0,test
violence /5333.jpg,1,test
non_violence /4940.jpg,0,test
non_violence /1767.jpg,0,test
non_violence /3360.jpg,0,test
violence /1453.jpg,1,test
violence /4911.jpg,1,test
violence /3566.jpg,1,test
non_violence /1215.jpg,0,test
non_violence /983.jpg,0,test
non_violence /1676.jpg,0,test
non_violence /3682.jpg,0,test
violence /2962.jpg,1,test
non_violence /2822.jpg,0,test
violence /5319.jpg,1,test
violence /1610.jpg,1,test
violence /1228.jpg,1,test
non_violence /4349.jpg,0,test
violence /1911.jpg,1,test
violence /4450.jpg,1,test
non_violence /593.jpg,0,test
non_violence /3306.jpg,0,test
violence /2507.jpg,1,test
non_violence /2657.jpg,0,test
violence /4227.jpg,1,test
violence /2174.jpg,1,test
violence /5477.jpg,1,test
non_violence /590.jpg,0,test
violence /4654.jpg,1,test
non_violence /4852.jpg,0,test
violence /1702.jpg,1,test
violence /420.jpg,1,test
violence /1825.jpg,1,test
non_violence /2343.jpg,0,test
non_violence /937.jpg,0,test
non_violence /3509.jpg,0,test
violence /1715.jpg,1,test
violence /2535.jpg,1,test
violence /1454.jpg,1,test
non_violence /1691.jpg,0,test
violence /5393.jpg,1,test
violence /4160.jpg,1,test
non_violence /2545.jpg,0,test
violence /1377.jpg,1,test
non_violence /4570.jpg,0,test
violence /1776.jpg,1,test
violence /5413.jpg,1,test
non_violence /4457.jpg,0,test
non_violence /1420.jpg,0,test
non_violence /3916.jpg,0,test
violence /1007.jpg,1,test
violence /1010.jpg,1,test
violence /2550.jpg,1,test
violence /2786.jpg,1,test
violence /877.jpg,1,test
violence /5290.jpg,1,test
violence /2851.jpg,1,test
non_violence /1300.jpg,0,test
non_violence /4278.jpg,0,test
non_violence /949.jpg,0,test
non_violence /4324.jpg,0,test
violence /4028.jpg,1,test
violence /3497.jpg,1,test
violence /576.jpg,1,test
non_violence /4416.jpg,0,test
violence /3564.jpg,1,test
non_violence /4305.jpg,0,test
non_violence /125.jpg,0,test
non_violence /664.jpg,0,test
non_violence /846.jpg,0,test
violence /986.jpg,1,test
non_violence /1859.jpg,0,test
violence /1537.jpg,1,test
non_violence /898.jpg,0,test
non_violence /553.jpg,0,test
violence /1786.jpg,1,test
violence /5431.jpg,1,test
violence /3839.jpg,1,test
violence /1215.jpg,1,test
non_violence /582.jpg,0,test
non_violence /2048.jpg,0,test
non_violence /1175.jpg,0,test
violence /1496.jpg,1,test
non_violence /594.jpg,0,test
non_violence /3924.jpg,0,test
violence /2846.jpg,1,test
non_violence /2247.jpg,0,test
violence /3572.jpg,1,test
violence /1834.jpg,1,test
non_violence /3611.jpg,0,test
non_violence /1721.jpg,0,test
violence /3989.jpg,1,test
non_violence /403.jpg,0,test
violence /247.jpg,1,test
violence /1272.jpg,1,test
non_violence /793.jpg,0,test
violence /1758.jpg,1,test
violence /4814.jpg,1,test
violence /4582.jpg,1,test
non_violence /2138.jpg,0,test
violence /406.jpg,1,test
violence /5836.jpg,1,test
non_violence /4398.jpg,0,test
non_violence /3352.jpg,0,test
non_violence /833.jpg,0,test
non_violence /1114.jpg,0,test
violence /4129.jpg,1,test
violence /4700.jpg,1,test
non_violence /3759.jpg,0,test
non_violence /4604.jpg,0,test
non_violence /5034.jpg,0,test
violence /4410.jpg,1,test
violence /4228.jpg,1,test
violence /3073.jpg,1,test
violence /204.jpg,1,test
violence /1968.jpg,1,test
violence /2957.jpg,1,test
violence /2313.jpg,1,test
violence /1897.jpg,1,test
non_violence /2374.jpg,0,test
violence /961.jpg,1,test
violence /2042.jpg,1,test
violence /2742.jpg,1,test
non_violence /2861.jpg,0,test
violence /3095.jpg,1,test
non_violence /4219.jpg,0,test
violence /1852.jpg,1,test
non_violence /554.jpg,0,test
violence /4649.jpg,1,test
non_violence /1055.jpg,0,test
violence /1574.jpg,1,test
violence /207.jpg,1,test
non_violence /3062.jpg,0,test
non_violence /4719.jpg,0,test
non_violence /3763.jpg,0,test
non_violence /4653.jpg,0,test
violence /5487.jpg,1,test
violence /3101.jpg,1,test
non_violence /4271.jpg,0,test
non_violence /1437.jpg,0,test
non_violence /5095.jpg,0,test
non_violence /5037.jpg,0,test
non_violence /4508.jpg,0,test
non_violence /917.jpg,0,test
non_violence /1178.jpg,0,test
violence /467.jpg,1,test
violence /1378.jpg,1,test
non_violence /1939.jpg,0,test
violence /1845.jpg,1,test
non_violence /963.jpg,0,test
violence /2228.jpg,1,test
violence /1195.jpg,1,test
non_violence /1407.jpg,0,test
violence /581.jpg,1,test
violence /3032.jpg,1,test
violence /4070.jpg,1,test
violence /4752.jpg,1,test
non_violence /3530.jpg,0,test
non_violence /2939.jpg,0,test
violence /4998.jpg,1,test
non_violence /4223.jpg,0,test
non_violence /2254.jpg,0,test
violence /3214.jpg,1,test
non_violence /205.jpg,0,test
non_violence /3972.jpg,0,test
violence /2004.jpg,1,test
violence /3185.jpg,1,test
violence /5274.jpg,1,test
violence /2465.jpg,1,test
violence /3642.jpg,1,test
violence /2533.jpg,1,test
non_violence /1960.jpg,0,test
violence /2826.jpg,1,test
non_violence /57.jpg,0,test
violence /3479.jpg,1,test
violence /1994.jpg,1,test
violence /3226.jpg,1,test
non_violence /1690.jpg,0,test
violence /4580.jpg,1,test
non_violence /695.jpg,0,test
non_violence /4610.jpg,0,test
non_violence /207.jpg,0,test
non_violence /335.jpg,0,test
non_violence /4784.jpg,0,test
violence /2261.jpg,1,test
non_violence /537.jpg,0,test
non_violence /3505.jpg,0,test
violence /646.jpg,1,test
violence /1109.jpg,1,test
violence /3672.jpg,1,test
non_violence /3229.jpg,0,test
violence /2950.jpg,1,test
non_violence /4075.jpg,0,test
violence /2088.jpg,1,test
violence /3921.jpg,1,test
non_violence /3806.jpg,0,test
non_violence /3928.jpg,0,test
non_violence /3309.jpg,0,test
non_violence /4982.jpg,0,test
non_violence /3582.jpg,0,test
violence /3639.jpg,1,test
violence /5778.jpg,1,test
violence /1912.jpg,1,test
non_violence /5106.jpg,0,test
violence /2243.jpg,1,test
non_violence /754.jpg,0,test
violence /2152.jpg,1,test
violence /1302.jpg,1,test
violence /4161.jpg,1,test
violence /639.jpg,1,test
non_violence /4686.jpg,0,test
violence /5468.jpg,1,test
violence /3153.jpg,1,test
violence /2219.jpg,1,test
non_violence /4726.jpg,0,test
violence /5792.jpg,1,test
violence /3290.jpg,1,test
violence /2951.jpg,1,test
violence /5664.jpg,1,test
violence /2694.jpg,1,test
non_violence /488.jpg,0,test
non_violence /4564.jpg,0,test
non_violence /3281.jpg,0,test
violence /5724.jpg,1,test
non_violence /1968.jpg,0,test
violence /3668.jpg,1,test
non_violence /2627.jpg,0,test
violence /1754.jpg,1,test
violence /4658.jpg,1,test
violence /249.jpg,1,test
non_violence /4090.jpg,0,test
violence /904.jpg,1,test
violence /627.jpg,1,test
non_violence /4659.jpg,0,test
non_violence /2173.jpg,0,test
violence /4031.jpg,1,test
non_violence /1952.jpg,0,test
violence /710.jpg,1,test
non_violence /330.jpg,0,test
violence /1538.jpg,1,test
non_violence /4639.jpg,0,test
non_violence /1424.jpg,0,test
violence /2405.jpg,1,test
violence /1256.jpg,1,test
violence /3640.jpg,1,test
non_violence /1682.jpg,0,test
violence /4430.jpg,1,test
non_violence /1917.jpg,0,test
violence /633.jpg,1,test
violence /1078.jpg,1,test
violence /1429.jpg,1,test
non_violence /4717.jpg,0,test
violence /2680.jpg,1,test
non_violence /4768.jpg,0,test
non_violence /158.jpg,0,test
non_violence /2853.jpg,0,test
violence /1909.jpg,1,test
non_violence /147.jpg,0,test
violence /4063.jpg,1,test
violence /634.jpg,1,test
violence /819.jpg,1,test
non_violence /3954.jpg,0,test
violence /3174.jpg,1,test
violence /4159.jpg,1,test
violence /2328.jpg,1,test
non_violence /1469.jpg,0,test
violence /1678.jpg,1,test
non_violence /1373.jpg,0,test
violence /3437.jpg,1,test
non_violence /4695.jpg,0,test
violence /3666.jpg,1,test
non_violence /3581.jpg,0,test
violence /5446.jpg,1,test
non_violence /4751.jpg,0,test
violence /35.jpg,1,test
non_violence /1543.jpg,0,test
violence /2716.jpg,1,test
violence /4924.jpg,1,test
non_violence /1781.jpg,0,test
violence /3652.jpg,1,test
non_violence /2910.jpg,0,test
non_violence /465.jpg,0,test
violence /5428.jpg,1,test
violence /344.jpg,1,test
non_violence /2032.jpg,0,test
non_violence /3469.jpg,0,test
non_violence /315.jpg,0,test
violence /161.jpg,1,test
violence /2140.jpg,1,test
non_violence /3638.jpg,0,test
violence /5403.jpg,1,test
non_violence /1766.jpg,0,test
violence /3790.jpg,1,test
violence /3108.jpg,1,test
violence /5440.jpg,1,test
violence /4180.jpg,1,test
violence /1546.jpg,1,test
violence /303.jpg,1,test
violence /5412.jpg,1,test
violence /4240.jpg,1,test
violence /5280.jpg,1,test
non_violence /4077.jpg,0,test
non_violence /1696.jpg,0,test
non_violence /2036.jpg,0,test
non_violence /1572.jpg,0,test
violence /5683.jpg,1,test
non_violence /568.jpg,0,test
non_violence /2266.jpg,0,test
violence /1028.jpg,1,test
violence /4202.jpg,1,test
non_violence /4661.jpg,0,test
non_violence /1227.jpg,0,test
violence /5020.jpg,1,test
violence /4913.jpg,1,test
violence /5129.jpg,1,test
violence /5021.jpg,1,test
violence /4439.jpg,1,test
non_violence /5098.jpg,0,test
non_violence /3436.jpg,0,test
non_violence /3852.jpg,0,test
violence /2015.jpg,1,test
non_violence /2333.jpg,0,test
violence /731.jpg,1,test
violence /2462.jpg,1,test
violence /3217.jpg,1,test
violence /2880.jpg,1,test
non_violence /4112.jpg,0,test
violence /4003.jpg,1,test
violence /1375.jpg,1,test
non_violence /1872.jpg,0,test
violence /2938.jpg,1,test
violence /3400.jpg,1,test
violence /2303.jpg,1,test
violence /1165.jpg,1,test
violence /5718.jpg,1,test
non_violence /4345.jpg,0,test
violence /998.jpg,1,test
non_violence /4153.jpg,0,test
violence /4269.jpg,1,test
non_violence /4460.jpg,0,test
non_violence /2124.jpg,0,test
violence /421.jpg,1,test
non_violence /5211.jpg,0,test
non_violence /4896.jpg,0,test
non_violence /3715.jpg,0,test
violence /4639.jpg,1,test
non_violence /2145.jpg,0,test
non_violence /2164.jpg,0,test
non_violence /3896.jpg,0,test
non_violence /4739.jpg,0,test
violence /1172.jpg,1,test
violence /1551.jpg,1,test
non_violence /5122.jpg,0,test
non_violence /3144.jpg,0,test
non_violence /2960.jpg,0,test
non_violence /1664.jpg,0,test
violence /3841.jpg,1,test
violence /19.jpg,1,test
violence /1620.jpg,1,test
non_violence /4220.jpg,0,test
violence /5060.jpg,1,test
violence /1799.jpg,1,test
non_violence /1653.jpg,0,test
non_violence /2655.jpg,0,test
violence /3929.jpg,1,test
violence /530.jpg,1,test
violence /1709.jpg,1,test
non_violence /3331.jpg,0,test
non_violence /522.jpg,0,test
violence /2215.jpg,1,test
non_violence /3501.jpg,0,test
non_violence /324.jpg,0,test
violence /4595.jpg,1,test
non_violence /4005.jpg,0,test
violence /4578.jpg,1,test
non_violence /1775.jpg,0,test
non_violence /523.jpg,0,test
non_violence /1120.jpg,0,test
violence /606.jpg,1,test
non_violence /3410.jpg,0,test
violence /837.jpg,1,test
violence /652.jpg,1,test
violence /4581.jpg,1,test
violence /4037.jpg,1,test
violence /1150.jpg,1,test
non_violence /4949.jpg,0,test
violence /3938.jpg,1,test
violence /3237.jpg,1,test
violence /1266.jpg,1,test
non_violence /2093.jpg,0,test
violence /970.jpg,1,test
non_violence /5141.jpg,0,test
non_violence /3796.jpg,0,test
violence /5215.jpg,1,test
non_violence /3562.jpg,0,test
non_violence /4855.jpg,0,test
violence /2279.jpg,1,test
non_violence /3238.jpg,0,test
violence /2945.jpg,1,test
non_violence /4157.jpg,0,test
non_violence /111.jpg,0,test
violence /3301.jpg,1,test
violence /4932.jpg,1,test
violence /1123.jpg,1,test
violence /3846.jpg,1,test
non_violence /992.jpg,0,test
violence /5083.jpg,1,test
non_violence /729.jpg,0,test
violence /4813.jpg,1,test
non_violence /3880.jpg,0,test
non_violence /4464.jpg,0,test
violence /5740.jpg,1,test
violence /753.jpg,1,test
violence /3605.jpg,1,test
non_violence /4599.jpg,0,test
violence /1814.jpg,1,test
violence /701.jpg,1,test
violence /5606.jpg,1,test
non_violence /4908.jpg,0,test
non_violence /990.jpg,0,test
non_violence /3776.jpg,0,test
violence /1346.jpg,1,test
violence /184.jpg,1,test
violence /5322.jpg,1,test
non_violence /3781.jpg,0,test
violence /338.jpg,1,test
non_violence /3949.jpg,0,test
violence /2976.jpg,1,test
violence /2743.jpg,1,test
violence /550.jpg,1,test
non_violence /3702.jpg,0,test
non_violence /2196.jpg,0,test
non_violence /4494.jpg,0,test
non_violence /1209.jpg,0,test
non_violence /4396.jpg,0,test
violence /2871.jpg,1,test
non_violence /3625.jpg,0,test
violence /1810.jpg,1,test
non_violence /2652.jpg,0,test
non_violence /1233.jpg,0,test
violence /1233.jpg,1,test
non_violence /3629.jpg,0,test
violence /1752.jpg,1,test
violence /4966.jpg,1,test
violence /880.jpg,1,test
violence /1113.jpg,1,test
non_violence /2094.jpg,0,test
non_violence /1787.jpg,0,test
non_violence /2372.jpg,0,test
violence /717.jpg,1,test
non_violence /2857.jpg,0,test
non_violence /452.jpg,0,test
violence /3758.jpg,1,test
violence /350.jpg,1,test
violence /5075.jpg,1,test
violence /5099.jpg,1,test
violence /4405.jpg,1,test
violence /3199.jpg,1,test
violence /2684.jpg,1,test
violence /1136.jpg,1,test
violence /4426.jpg,1,test
non_violence /4367.jpg,0,test
non_violence /5024.jpg,0,test
non_violence /3419.jpg,0,test
violence /3124.jpg,1,test
non_violence /1136.jpg,0,test
violence /4473.jpg,1,test
non_violence /3835.jpg,0,test
violence /2290.jpg,1,test
violence /3152.jpg,1,test
violence /3777.jpg,1,test
violence /5268.jpg,1,test
non_violence /4766.jpg,0,test
violence /3285.jpg,1,test
violence /2479.jpg,1,test
violence /2697.jpg,1,test
violence /1240.jpg,1,test
violence /4651.jpg,1,test
non_violence /2328.jpg,0,test
non_violence /3198.jpg,0,test
non_violence /1481.jpg,0,test
violence /2120.jpg,1,test
violence /3939.jpg,1,test
non_violence /2514.jpg,0,test
violence /4543.jpg,1,test
violence /5250.jpg,1,test
violence /5063.jpg,1,test
non_violence /1603.jpg,0,test
non_violence /2468.jpg,0,test
violence /4865.jpg,1,test
violence /2608.jpg,1,test
violence /3397.jpg,1,test
non_violence /4146.jpg,0,test
non_violence /468.jpg,0,test
violence /1964.jpg,1,test
violence /3917.jpg,1,test
non_violence /2373.jpg,0,test
violence /185.jpg,1,test
non_violence /4094.jpg,0,test
non_violence /1824.jpg,0,test
violence /2160.jpg,1,test
non_violence /5078.jpg,0,test
non_violence /2348.jpg,0,test
non_violence /1657.jpg,0,test
violence /2574.jpg,1,test
violence /381.jpg,1,test
violence /2383.jpg,1,test
non_violence /3488.jpg,0,test
violence /699.jpg,1,test
violence /3146.jpg,1,test
violence /3942.jpg,1,test
violence /5706.jpg,1,test
violence /3706.jpg,1,test
non_violence /3744.jpg,0,test
non_violence /1325.jpg,0,test
non_violence /1833.jpg,0,test
violence /2941.jpg,1,test
non_violence /1703.jpg,0,test
non_violence /327.jpg,0,test
non_violence /2090.jpg,0,test
violence /2671.jpg,1,test
non_violence /4122.jpg,0,test
violence /982.jpg,1,test
non_violence /5047.jpg,0,test
violence /700.jpg,1,test
violence /4784.jpg,1,test
non_violence /5204.jpg,0,test
violence /4725.jpg,1,test
non_violence /3458.jpg,0,test
violence /1878.jpg,1,test
non_violence /1183.jpg,0,test
violence /4436.jpg,1,test
violence /1242.jpg,1,test
non_violence /674.jpg,0,test
violence /1796.jpg,1,test
violence /173.jpg,1,test
non_violence /2947.jpg,0,test
violence /3499.jpg,1,test
violence /5086.jpg,1,test
violence /5377.jpg,1,test
violence /2844.jpg,1,test
non_violence /1552.jpg,0,test
violence /3435.jpg,1,test
non_violence /251.jpg,0,test
non_violence /3824.jpg,0,test
non_violence /2841.jpg,0,test
violence /3171.jpg,1,test
non_violence /3650.jpg,0,test
non_violence /4780.jpg,0,test
violence /4804.jpg,1,test
non_violence /1319.jpg,0,test
violence /602.jpg,1,test
non_violence /345.jpg,0,test
non_violence /3423.jpg,0,test
non_violence /91.jpg,0,test
non_violence /2022.jpg,0,test
non_violence /264.jpg,0,test
violence /5072.jpg,1,test
violence /5625.jpg,1,test
violence /3295.jpg,1,test
non_violence /3036.jpg,0,test
non_violence /710.jpg,0,test
non_violence /1955.jpg,0,test
violence /4302.jpg,1,test
non_violence /984.jpg,0,test
violence /1643.jpg,1,test
non_violence /2795.jpg,0,test
violence /2429.jpg,1,test
violence /5769.jpg,1,test
violence /1100.jpg,1,test
non_violence /511.jpg,0,test
violence /5203.jpg,1,test
non_violence /319.jpg,0,test
non_violence /2835.jpg,0,test
non_violence /4202.jpg,0,test
violence /29.jpg,1,test
violence /2317.jpg,1,test
non_violence /3222.jpg,0,test
non_violence /4393.jpg,0,test
violence /1818.jpg,1,test
violence /751.jpg,1,test
violence /3387.jpg,1,test
non_violence /951.jpg,0,test
violence /502.jpg,1,test
violence /1654.jpg,1,test
violence /2586.jpg,1,test
non_violence /650.jpg,0,test
non_violence /2797.jpg,0,test
non_violence /4746.jpg,0,test
violence /3140.jpg,1,test
violence /750.jpg,1,test
non_violence /2362.jpg,0,test
non_violence /2409.jpg,0,test
violence /4759.jpg,1,test
non_violence /5176.jpg,0,test
violence /4258.jpg,1,test
non_violence /35.jpg,0,test
violence /4144.jpg,1,test
non_violence /127.jpg,0,test
violence /854.jpg,1,test
violence /3601.jpg,1,test
violence /3667.jpg,1,test
violence /2592.jpg,1,test
violence /4987.jpg,1,test
non_violence /4716.jpg,0,test
violence /1465.jpg,1,test
non_violence /2940.jpg,0,test
violence /1830.jpg,1,test
non_violence /2122.jpg,0,test
violence /2526.jpg,1,test
violence /197.jpg,1,test
violence /5351.jpg,1,test
non_violence /3124.jpg,0,test
non_violence /1483.jpg,0,test
violence /4841.jpg,1,test
non_violence /1825.jpg,0,test
violence /3555.jpg,1,test
violence /4507.jpg,1,test
violence /3894.jpg,1,test
non_violence /1339.jpg,0,test
violence /4514.jpg,1,test
non_violence /2983.jpg,0,test
non_violence /3456.jpg,0,test
non_violence /4636.jpg,0,test
non_violence /4822.jpg,0,test
non_violence /2661.jpg,0,test
violence /3807.jpg,1,test
non_violence /1141.jpg,0,test
violence /3270.jpg,1,test
non_violence /4098.jpg,0,test
non_violence /2341.jpg,0,test
violence /2330.jpg,1,test
non_violence /2460.jpg,0,test
violence /5783.jpg,1,test
non_violence /1688.jpg,0,test
non_violence /2666.jpg,0,test
non_violence /4034.jpg,0,test
violence /305.jpg,1,test
violence /3556.jpg,1,test
violence /339.jpg,1,test
violence /4807.jpg,1,test
non_violence /2777.jpg,0,test
non_violence /4336.jpg,0,test
violence /735.jpg,1,test
violence /2301.jpg,1,test
violence /4676.jpg,1,test
violence /332.jpg,1,test
non_violence /819.jpg,0,test
violence /3890.jpg,1,test
non_violence /4302.jpg,0,test
non_violence /679.jpg,0,test
non_violence /216.jpg,0,test
violence /486.jpg,1,test
non_violence /3792.jpg,0,test
violence /3828.jpg,1,test
violence /5410.jpg,1,test
non_violence /1168.jpg,0,test
violence /2854.jpg,1,test
non_violence /41.jpg,0,test
non_violence /4390.jpg,0,test
non_violence /2770.jpg,0,test
violence /3053.jpg,1,test
non_violence /3429.jpg,0,test
non_violence /3851.jpg,0,test
non_violence /2420.jpg,0,test
violence /1021.jpg,1,test
non_violence /2320.jpg,0,test
violence /3688.jpg,1,test
violence /3664.jpg,1,test
non_violence /2799.jpg,0,test
violence /1449.jpg,1,test
non_violence /2871.jpg,0,test
non_violence /552.jpg,0,test
non_violence /569.jpg,0,test
violence /1217.jpg,1,test
violence /4643.jpg,1,test
violence /962.jpg,1,test
non_violence /1772.jpg,0,test
non_violence /2028.jpg,0,test
non_violence /258.jpg,0,test
non_violence /1807.jpg,0,test
violence /2849.jpg,1,test
violence /230.jpg,1,test
non_violence /277.jpg,0,test
violence /5397.jpg,1,test
violence /340.jpg,1,test
non_violence /673.jpg,0,test
violence /1286.jpg,1,test
violence /5623.jpg,1,test
violence /4522.jpg,1,test
non_violence /1642.jpg,0,test
non_violence /3953.jpg,0,test
violence /3415.jpg,1,test
non_violence /4765.jpg,0,test
non_violence /152.jpg,0,test
non_violence /2735.jpg,0,test
non_violence /1001.jpg,0,test
non_violence /2849.jpg,0,test
violence /811.jpg,1,test
non_violence /1447.jpg,0,test
non_violence /1954.jpg,0,test
violence /1288.jpg,1,test
non_violence /2541.jpg,0,test
violence /316.jpg,1,test
violence /3856.jpg,1,test
non_violence /437.jpg,0,test
non_violence /3820.jpg,0,test
non_violence /2748.jpg,0,test
violence /1873.jpg,1,test
non_violence /3258.jpg,0,test
non_violence /4547.jpg,0,test
violence /4094.jpg,1,test
non_violence /659.jpg,0,test
violence /5720.jpg,1,test
non_violence /1005.jpg,0,test
violence /1536.jpg,1,test
violence /3125.jpg,1,test
violence /1110.jpg,1,test
violence /4500.jpg,1,test
non_violence /2669.jpg,0,test
non_violence /1470.jpg,0,test
non_violence /935.jpg,0,test
violence /1870.jpg,1,test
non_violence /5136.jpg,0,test
non_violence /509.jpg,0,test
non_violence /2848.jpg,0,test
violence /1013.jpg,1,test
violence /5026.jpg,1,test
violence /5435.jpg,1,test
violence /524.jpg,1,test
non_violence /1057.jpg,0,test
non_violence /3068.jpg,0,test
non_violence /4890.jpg,0,test
violence /413.jpg,1,test
violence /4478.jpg,1,test
violence /4830.jpg,1,test
non_violence /2440.jpg,0,test
violence /1725.jpg,1,test
violence /4023.jpg,1,test
non_violence /1086.jpg,0,test
non_violence /2168.jpg,0,test
non_violence /4055.jpg,0,test
non_violence /4925.jpg,0,test
non_violence /5044.jpg,0,test
violence /1349.jpg,1,test
non_violence /909.jpg,0,test
violence /805.jpg,1,test
non_violence /5094.jpg,0,test
non_violence /4709.jpg,0,test
violence /2762.jpg,1,test
non_violence /747.jpg,0,test
violence /966.jpg,1,test
violence /3730.jpg,1,test
non_violence /2384.jpg,0,test
non_violence /877.jpg,0,test
non_violence /2583.jpg,0,test
violence /929.jpg,1,test
violence /2235.jpg,1,test
violence /2061.jpg,1,test
non_violence /77.jpg,0,test
non_violence /1504.jpg,0,test
non_violence /638.jpg,0,test
violence /271.jpg,1,test
violence /3013.jpg,1,test
violence /2086.jpg,1,test
violence /2227.jpg,1,test
violence /822.jpg,1,test
violence /3785.jpg,1,test
non_violence /13.jpg,0,test
violence /838.jpg,1,test
violence /1831.jpg,1,test
non_violence /3495.jpg,0,test
violence /1264.jpg,1,test
violence /5028.jpg,1,test
violence /2884.jpg,1,test
violence /5805.jpg,1,test
non_violence /135.jpg,0,test
non_violence /3939.jpg,0,test
violence /2719.jpg,1,test
violence /2024.jpg,1,test
non_violence /2424.jpg,0,test
violence /1829.jpg,1,test
violence /4918.jpg,1,test
violence /4983.jpg,1,test
non_violence /222.jpg,0,test
violence /1650.jpg,1,test
non_violence /2925.jpg,0,test
non_violence /4018.jpg,0,test
non_violence /5043.jpg,0,test
non_violence /740.jpg,0,test
non_violence /2942.jpg,0,test
violence /5053.jpg,1,test
non_violence /2194.jpg,0,test
non_violence /219.jpg,0,test
violence /1602.jpg,1,test
violence /1499.jpg,1,test
non_violence /1856.jpg,0,test
violence /3010.jpg,1,test
violence /761.jpg,1,test
violence /1703.jpg,1,test
violence /4444.jpg,1,test
violence /1927.jpg,1,test
violence /4150.jpg,1,test
non_violence /4555.jpg,0,test
non_violence /2007.jpg,0,test
non_violence /3996.jpg,0,test
non_violence /3470.jpg,0,test
non_violence /4371.jpg,0,test
non_violence /3405.jpg,0,test
violence /2060.jpg,1,test
non_violence /4590.jpg,0,test
violence /2714.jpg,1,test
non_violence /1361.jpg,0,test
non_violence /3993.jpg,0,test
violence /3197.jpg,1,test
violence /2778.jpg,1,test
violence /1471.jpg,1,test
non_violence /5091.jpg,0,test
non_violence /4221.jpg,0,test
non_violence /1369.jpg,0,test
violence /1438.jpg,1,test
non_violence /2215.jpg,0,test
non_violence /1459.jpg,0,test
violence /1879.jpg,1,test
non_violence /2511.jpg,0,test
violence /2683.jpg,1,test
non_violence /1347.jpg,0,test
non_violence /2210.jpg,0,test
non_violence /4833.jpg,0,test
violence /4946.jpg,1,test
violence /655.jpg,1,test
violence /4009.jpg,1,test
violence /849.jpg,1,test
violence /4215.jpg,1,test
violence /4553.jpg,1,test
non_violence /65.jpg,0,test
non_violence /4530.jpg,0,test
violence /64.jpg,1,test
non_violence /607.jpg,0,test
violence /5676.jpg,1,test
non_violence /1221.jpg,0,test
violence /4633.jpg,1,test
non_violence /2041.jpg,0,test
violence /4838.jpg,1,test
violence /3379.jpg,1,test
violence /4368.jpg,1,test
violence /5107.jpg,1,test
violence /579.jpg,1,test
violence /5104.jpg,1,test
violence /4358.jpg,1,test
violence /3597.jpg,1,test
violence /3766.jpg,1,test
non_violence /5148.jpg,0,test
violence /1764.jpg,1,test
violence /510.jpg,1,test
violence /4348.jpg,1,test
violence /4585.jpg,1,test
non_violence /798.jpg,0,test
non_violence /3055.jpg,0,test
non_violence /2893.jpg,0,test
non_violence /3547.jpg,0,test
violence /1249.jpg,1,test
violence /926.jpg,1,test
non_violence /4869.jpg,0,test
non_violence /3830.jpg,0,test
non_violence /4006.jpg,0,test
violence /2116.jpg,1,test
violence /1626.jpg,1,test
violence /2813.jpg,1,test
violence /723.jpg,1,test
violence /1942.jpg,1,test
non_violence /4439.jpg,0,test
violence /816.jpg,1,test
non_violence /2299.jpg,0,test
violence /5776.jpg,1,test
violence /5111.jpg,1,test
non_violence /248.jpg,0,test
non_violence /3546.jpg,0,test
violence /1126.jpg,1,test
violence /1773.jpg,1,test
non_violence /3760.jpg,0,test
violence /2379.jpg,1,test
non_violence /3751.jpg,0,test
non_violence /3910.jpg,0,test
violence /1442.jpg,1,test
violence /1022.jpg,1,test
non_violence /383.jpg,0,test
non_violence /118.jpg,0,test
non_violence /4008.jpg,0,test
non_violence /262.jpg,0,test
violence /1415.jpg,1,test
violence /229.jpg,1,test
violence /263.jpg,1,test
violence /67.jpg,1,test
violence /1561.jpg,1,test
violence /2549.jpg,1,test
violence /693.jpg,1,test
violence /3781.jpg,1,test
non_violence /693.jpg,0,test
violence /4271.jpg,1,test
non_violence /157.jpg,0,test
non_violence /4475.jpg,0,test
non_violence /4759.jpg,0,test
non_violence /1605.jpg,0,test
non_violence /4701.jpg,0,test
violence /2266.jpg,1,test
violence /2689.jpg,1,test
non_violence /4429.jpg,0,test
violence /1243.jpg,1,test
non_violence /2226.jpg,0,test
violence /1331.jpg,1,test
violence /860.jpg,1,test
violence /4817.jpg,1,test
non_violence /5019.jpg,0,test
non_violence /2761.jpg,0,test
violence /456.jpg,1,test
violence /5775.jpg,1,test
violence /3273.jpg,1,test
violence /5665.jpg,1,test
non_violence /1958.jpg,0,test
violence /3064.jpg,1,test
non_violence /4099.jpg,0,test
violence /2385.jpg,1,test
violence /465.jpg,1,test
violence /2045.jpg,1,test
non_violence /3515.jpg,0,test
non_violence /3304.jpg,0,test
violence /653.jpg,1,test
violence /2205.jpg,1,test
violence /4026.jpg,1,test
violence /1585.jpg,1,test
violence /3320.jpg,1,test
non_violence /4016.jpg,0,test
violence /1915.jpg,1,test
violence /4715.jpg,1,test
violence /5125.jpg,1,test
violence /974.jpg,1,test
violence /4142.jpg,1,test
violence /2748.jpg,1,test
violence /3335.jpg,1,test
non_violence /4044.jpg,0,test
non_violence /3870.jpg,0,test
non_violence /5016.jpg,0,test
non_violence /3598.jpg,0,test
violence /5777.jpg,1,test
violence /3155.jpg,1,test
violence /934.jpg,1,test
violence /4341.jpg,1,test
violence /5531.jpg,1,test
non_violence /1803.jpg,0,test
non_violence /4262.jpg,0,test
non_violence /4360.jpg,0,test
violence /4081.jpg,1,test
violence /1613.jpg,1,test
non_violence /3027.jpg,0,test
violence /3112.jpg,1,test
violence /5780.jpg,1,test
violence /83.jpg,1,test
violence /5095.jpg,1,test
non_violence /3207.jpg,0,test
non_violence /3676.jpg,0,test
violence /2518.jpg,1,test
violence /2984.jpg,1,test
non_violence /223.jpg,0,test
violence /4631.jpg,1,test
non_violence /2972.jpg,0,test
violence /459.jpg,1,test
violence /1151.jpg,1,test
violence /3373.jpg,1,test
non_violence /3283.jpg,0,test
violence /2420.jpg,1,test
violence /5626.jpg,1,test
violence /242.jpg,1,test
non_violence /419.jpg,0,test
violence /4056.jpg,1,test
non_violence /2782.jpg,0,test
non_violence /2063.jpg,0,test
non_violence /2521.jpg,0,test
violence /1112.jpg,1,test
violence /3315.jpg,1,test
violence /4615.jpg,1,test
violence /4075.jpg,1,test
non_violence /2146.jpg,0,test
violence /1924.jpg,1,test
violence /4644.jpg,1,test
non_violence /1923.jpg,0,test
violence /4025.jpg,1,test
non_violence /4388.jpg,0,test
non_violence /3825.jpg,0,test
non_violence /3459.jpg,0,test
violence /5079.jpg,1,test
non_violence /930.jpg,0,test
non_violence /89.jpg,0,test
violence /489.jpg,1,test
violence /1744.jpg,1,test
non_violence /2758.jpg,0,test
violence /676.jpg,1,test
violence /389.jpg,1,test
violence /5243.jpg,1,test
non_violence /3669.jpg,0,test
violence /2360.jpg,1,test
non_violence /3990.jpg,0,test
non_violence /1739.jpg,0,test
non_violence /611.jpg,0,test
non_violence /837.jpg,0,test
non_violence /4076.jpg,0,test
violence /2939.jpg,1,test
non_violence /3479.jpg,0,test
violence /3933.jpg,1,test
violence /3559.jpg,1,test
non_violence /3145.jpg,0,test
violence /1279.jpg,1,test
violence /2139.jpg,1,test
violence /4981.jpg,1,test
non_violence /528.jpg,0,test
non_violence /1028.jpg,0,test
non_violence /2784.jpg,0,test
violence /3723.jpg,1,test
violence /4716.jpg,1,test
non_violence /45.jpg,0,test
non_violence /3329.jpg,0,test
violence /613.jpg,1,test
non_violence /3299.jpg,0,test
violence /87.jpg,1,test
non_violence /656.jpg,0,test
non_violence /4592.jpg,0,test
violence /3401.jpg,1,test
non_violence /3933.jpg,0,test
non_violence /3981.jpg,0,test
non_violence /2534.jpg,0,test
violence /4467.jpg,1,test
non_violence /1745.jpg,0,test
violence /4886.jpg,1,test
non_violence /1559.jpg,0,test
violence /150.jpg,1,test
non_violence /5041.jpg,0,test
non_violence /3580.jpg,0,test
non_violence /5190.jpg,0,test
violence /2070.jpg,1,test
violence /2471.jpg,1,test
non_violence /3663.jpg,0,test
violence /692.jpg,1,test
non_violence /1595.jpg,0,test
non_violence /1214.jpg,0,test
violence /5068.jpg,1,test
non_violence /3661.jpg,0,test
non_violence /1912.jpg,0,test
non_violence /2116.jpg,0,test
violence /2865.jpg,1,test
violence /2238.jpg,1,test
violence /134.jpg,1,test
violence /709.jpg,1,test
violence /1983.jpg,1,test
violence /1527.jpg,1,test
non_violence /3129.jpg,0,test
non_violence /2128.jpg,0,test
violence /3876.jpg,1,test
violence /5421.jpg,1,test
violence /2363.jpg,1,test
violence /4229.jpg,1,test
non_violence /3092.jpg,0,test
violence /1439.jpg,1,test
violence /507.jpg,1,test
non_violence /2516.jpg,0,test
violence /2909.jpg,1,test
non_violence /4163.jpg,0,test
violence /2323.jpg,1,test
non_violence /2038.jpg,0,test
violence /4474.jpg,1,test
non_violence /3234.jpg,0,test
non_violence /1880.jpg,0,test
non_violence /4277.jpg,0,test
violence /5193.jpg,1,test
non_violence /3502.jpg,0,test
violence /461.jpg,1,test
non_violence /4217.jpg,0,test
violence /2759.jpg,1,test
violence /4647.jpg,1,test
violence /4408.jpg,1,test
non_violence /841.jpg,0,test
non_violence /1579.jpg,0,test
violence /5022.jpg,1,test
non_violence /3498.jpg,0,test
violence /4904.jpg,1,test
non_violence /2979.jpg,0,test
non_violence /5130.jpg,0,test
non_violence /2703.jpg,0,test
non_violence /1117.jpg,0,test
non_violence /4727.jpg,0,test
non_violence /5088.jpg,0,test
violence /3025.jpg,1,test
violence /4669.jpg,1,test
violence /2066.jpg,1,test
non_violence /4575.jpg,0,test
non_violence /3032.jpg,0,test
